-- MariaDB dump 10.19  Distrib 10.4.32-MariaDB, for Win64 (AMD64)
--
-- Host: localhost    Database: e-arsip_ci4
-- ------------------------------------------------------
-- Server version	10.4.32-MariaDB

/*!40101 SET @OLD_CHARACTER_SET_CLIENT=@@CHARACTER_SET_CLIENT */;
/*!40101 SET @OLD_CHARACTER_SET_RESULTS=@@CHARACTER_SET_RESULTS */;
/*!40101 SET @OLD_COLLATION_CONNECTION=@@COLLATION_CONNECTION */;
/*!40101 SET NAMES utf8mb4 */;
/*!40103 SET @OLD_TIME_ZONE=@@TIME_ZONE */;
/*!40103 SET TIME_ZONE='+00:00' */;
/*!40014 SET @OLD_UNIQUE_CHECKS=@@UNIQUE_CHECKS, UNIQUE_CHECKS=0 */;
/*!40014 SET @OLD_FOREIGN_KEY_CHECKS=@@FOREIGN_KEY_CHECKS, FOREIGN_KEY_CHECKS=0 */;
/*!40101 SET @OLD_SQL_MODE=@@SQL_MODE, SQL_MODE='NO_AUTO_VALUE_ON_ZERO' */;
/*!40111 SET @OLD_SQL_NOTES=@@SQL_NOTES, SQL_NOTES=0 */;

--
-- Table structure for table `tbl_arsip`
--

DROP TABLE IF EXISTS `tbl_arsip`;
/*!40101 SET @saved_cs_client     = @@character_set_client */;
/*!40101 SET character_set_client = utf8 */;
CREATE TABLE `tbl_arsip` (
  `id_arsip` int(11) NOT NULL AUTO_INCREMENT,
  `id_kategori` int(11) DEFAULT NULL,
  `deskripsi` text DEFAULT NULL,
  `tgl_upload` date DEFAULT NULL,
  `tgl_update` date DEFAULT NULL,
  `file_arsip` varchar(255) DEFAULT NULL,
  `id_dep` int(11) DEFAULT NULL,
  `id_user` int(11) DEFAULT NULL,
  `nama_user_upload` varchar(255) DEFAULT NULL,
  `klasifikasi` enum('Rahasia','terbatas','Umum') DEFAULT 'Umum',
  `ukuran_arsip` bigint(20) DEFAULT NULL,
  PRIMARY KEY (`id_arsip`)
) ENGINE=InnoDB AUTO_INCREMENT=76 DEFAULT CHARSET=utf8mb4 COLLATE=utf8mb4_general_ci;
/*!40101 SET character_set_client = @saved_cs_client */;

--
-- Dumping data for table `tbl_arsip`
--

LOCK TABLES `tbl_arsip` WRITE;
/*!40000 ALTER TABLE `tbl_arsip` DISABLE KEYS */;
INSERT INTO `tbl_arsip` VALUES (69,23,'eqq','2025-09-30',NULL,'tes1.png',0,18,NULL,'terbatas',1118366),(70,23,'sefs','2025-09-30',NULL,'tes2.png',0,18,NULL,'Rahasia',1262401),(71,27,'cdc','2025-09-30',NULL,'tes3.png',0,18,NULL,'Umum',811982),(72,30,'fgregdzx','2025-09-30','2025-09-30','tes4.png',0,18,NULL,'terbatas',735250),(75,39,'3333','2025-09-30',NULL,'tes.pdf',9,38,'ayu','Umum',93724);
/*!40000 ALTER TABLE `tbl_arsip` ENABLE KEYS */;
UNLOCK TABLES;

--
-- Table structure for table `tbl_arsip_akses`
--

DROP TABLE IF EXISTS `tbl_arsip_akses`;
/*!40101 SET @saved_cs_client     = @@character_set_client */;
/*!40101 SET character_set_client = utf8 */;
CREATE TABLE `tbl_arsip_akses` (
  `id_akses` int(11) NOT NULL AUTO_INCREMENT,
  `id_arsip` int(11) DEFAULT NULL,
  `id_dep` int(11) DEFAULT NULL,
  PRIMARY KEY (`id_akses`),
  KEY `id_arsip` (`id_arsip`),
  KEY `id_dep` (`id_dep`),
  CONSTRAINT `tbl_arsip_akses_ibfk_1` FOREIGN KEY (`id_arsip`) REFERENCES `tbl_arsip` (`id_arsip`) ON DELETE CASCADE,
  CONSTRAINT `tbl_arsip_akses_ibfk_2` FOREIGN KEY (`id_dep`) REFERENCES `tbl_dep` (`id_dep`) ON DELETE CASCADE
) ENGINE=InnoDB AUTO_INCREMENT=44 DEFAULT CHARSET=utf8mb4 COLLATE=utf8mb4_general_ci;
/*!40101 SET character_set_client = @saved_cs_client */;

--
-- Dumping data for table `tbl_arsip_akses`
--

LOCK TABLES `tbl_arsip_akses` WRITE;
/*!40000 ALTER TABLE `tbl_arsip_akses` DISABLE KEYS */;
INSERT INTO `tbl_arsip_akses` VALUES (28,69,9),(29,69,10),(30,69,11),(31,69,25),(32,69,26),(37,72,11),(38,72,12),(39,72,13),(40,72,20),(41,72,23);
/*!40000 ALTER TABLE `tbl_arsip_akses` ENABLE KEYS */;
UNLOCK TABLES;

--
-- Table structure for table `tbl_audit_trail`
--

DROP TABLE IF EXISTS `tbl_audit_trail`;
/*!40101 SET @saved_cs_client     = @@character_set_client */;
/*!40101 SET character_set_client = utf8 */;
CREATE TABLE `tbl_audit_trail` (
  `id_audit` int(11) NOT NULL AUTO_INCREMENT,
  `id_user` int(11) DEFAULT NULL,
  `username` varchar(100) DEFAULT NULL,
  `action` varchar(100) NOT NULL,
  `description` text DEFAULT NULL,
  `ip_address` varchar(50) DEFAULT NULL,
  `user_agent` text DEFAULT NULL,
  `created_at` datetime DEFAULT current_timestamp(),
  PRIMARY KEY (`id_audit`),
  KEY `id_user` (`id_user`),
  CONSTRAINT `tbl_audit_trail_ibfk_1` FOREIGN KEY (`id_user`) REFERENCES `tbl_user` (`id_user`) ON DELETE CASCADE
) ENGINE=InnoDB AUTO_INCREMENT=202 DEFAULT CHARSET=utf8mb4 COLLATE=utf8mb4_general_ci;
/*!40101 SET character_set_client = @saved_cs_client */;

--
-- Dumping data for table `tbl_audit_trail`
--

LOCK TABLES `tbl_audit_trail` WRITE;
/*!40000 ALTER TABLE `tbl_audit_trail` DISABLE KEYS */;
INSERT INTO `tbl_audit_trail` VALUES (3,NULL,NULL,'Tambah User','User baru ditambahkan: tes2_qc',NULL,NULL,'2025-09-23 08:36:45'),(4,NULL,NULL,'Tambah User','User baru ditambahkan: tes3_qc',NULL,NULL,'2025-09-23 08:38:56'),(5,NULL,NULL,'Hapus User','User dihapus: tes3_qc',NULL,NULL,'2025-09-23 09:18:32'),(6,NULL,NULL,'Tambah User','User baru ditambahkan: tes3_rnd',NULL,NULL,'2025-09-23 09:26:38'),(7,NULL,NULL,'Hapus User','User dihapus: tes3_rnd',NULL,NULL,'2025-09-23 09:27:28'),(8,18,'administrator','Update User','User diperbarui: dini_qa','10.10.1.3','Mozilla/5.0 (Windows NT 10.0; Win64; x64) AppleWebKit/537.36 (KHTML, like Gecko) Chrome/140.0.0.0 Safari/537.36','2025-09-23 09:46:40'),(9,18,'administrator','Hapus User','User dihapus: tes2_qc','10.10.1.1','Mozilla/5.0 (Windows NT 10.0; Win64; x64) AppleWebKit/537.36 (KHTML, like Gecko) Chrome/140.0.0.0 Safari/537.36 Edg/140.0.0.0','2025-09-23 09:46:50'),(10,18,'administrator','Upload Arsip','Arsip diupload: tes.pdf','10.10.1.1','Mozilla/5.0 (Windows NT 10.0; Win64; x64) AppleWebKit/537.36 (KHTML, like Gecko) Chrome/140.0.0.0 Safari/537.36 Edg/140.0.0.0','2025-09-23 09:58:05'),(11,18,'administrator','Hapus Arsip','Arsip dihapus: tes.pdf','10.10.1.1','Mozilla/5.0 (Windows NT 10.0; Win64; x64) AppleWebKit/537.36 (KHTML, like Gecko) Chrome/140.0.0.0 Safari/537.36 Edg/140.0.0.0','2025-09-23 09:58:49'),(12,18,'administrator','Upload Arsip','Arsip diupload: hth.png','10.10.1.3','Mozilla/5.0 (Windows NT 10.0; Win64; x64) AppleWebKit/537.36 (KHTML, like Gecko) Chrome/140.0.0.0 Safari/537.36','2025-09-23 10:10:24'),(13,18,'administrator','Upload Arsip','Arsip diupload: dadas.png','10.10.1.3','Mozilla/5.0 (Windows NT 10.0; Win64; x64) AppleWebKit/537.36 (KHTML, like Gecko) Chrome/140.0.0.0 Safari/537.36','2025-09-23 10:19:41'),(14,18,'administrator','Hapus Arsip','Arsip dihapus: dadas.png','10.10.1.3','Mozilla/5.0 (Windows NT 10.0; Win64; x64) AppleWebKit/537.36 (KHTML, like Gecko) Chrome/140.0.0.0 Safari/537.36','2025-09-23 10:20:22'),(15,18,'administrator','Hapus User','User dihapus: tes_qc','10.10.1.3','Mozilla/5.0 (Windows NT 10.0; Win64; x64) AppleWebKit/537.36 (KHTML, like Gecko) Chrome/140.0.0.0 Safari/537.36','2025-09-23 10:23:05'),(16,18,'administrator','Hapus Arsip','Arsip dihapus: hth.png','10.10.1.3','Mozilla/5.0 (Windows NT 10.0; Win64; x64) AppleWebKit/537.36 (KHTML, like Gecko) Chrome/140.0.0.0 Safari/537.36','2025-09-23 10:26:15'),(22,18,'administrator','Upload Arsip','Arsip diupload: teswwwww.jpg','10.10.1.1','Mozilla/5.0 (Windows NT 10.0; Win64; x64) AppleWebKit/537.36 (KHTML, like Gecko) Chrome/140.0.0.0 Safari/537.36 Edg/140.0.0.0','2025-09-23 14:32:12'),(23,18,'administrator','Download Arsip','File diakses/didownload: teswwwww.jpg','10.10.1.1','Mozilla/5.0 (Windows NT 10.0; Win64; x64) AppleWebKit/537.36 (KHTML, like Gecko) Chrome/140.0.0.0 Safari/537.36 Edg/140.0.0.0','2025-09-23 14:33:10'),(24,18,'administrator','Upload Arsip','Arsip diupload: aaaaaa.docx','10.10.1.15','Mozilla/5.0 (Windows NT 10.0; Win64; x64) AppleWebKit/537.36 (KHTML, like Gecko) Chrome/140.0.0.0 Safari/537.36','2025-09-23 14:43:01'),(25,18,'administrator','Download Arsip','File diakses/didownload: aaaaaa.docx','10.10.1.15','Mozilla/5.0 (Windows NT 10.0; Win64; x64) AppleWebKit/537.36 (KHTML, like Gecko) Chrome/140.0.0.0 Safari/537.36','2025-09-23 15:10:19'),(26,18,'administrator','Download Arsip','File diakses/didownload: teswwwww.jpg','10.10.1.15','Mozilla/5.0 (Windows NT 10.0; Win64; x64) AppleWebKit/537.36 (KHTML, like Gecko) Chrome/140.0.0.0 Safari/537.36','2025-09-23 15:10:30'),(27,18,'administrator','Download Arsip','File diakses/didownload: aaaaaa.docx','10.10.1.15','Mozilla/5.0 (Windows NT 10.0; Win64; x64) AppleWebKit/537.36 (KHTML, like Gecko) Chrome/140.0.0.0 Safari/537.36','2025-09-23 15:13:42'),(28,18,'administrator','Download Arsip','File diakses/didownload: aaaaaa.docx','10.10.1.15','Mozilla/5.0 (Windows NT 10.0; Win64; x64) AppleWebKit/537.36 (KHTML, like Gecko) Chrome/140.0.0.0 Safari/537.36 Edg/140.0.0.0','2025-09-23 15:14:13'),(29,18,'administrator','Download Arsip','File diakses/didownload: aaaaaa.docx','10.10.1.15','Mozilla/5.0 (Windows NT 10.0; Win64; x64) AppleWebKit/537.36 (KHTML, like Gecko) Chrome/140.0.0.0 Safari/537.36 Edg/140.0.0.0','2025-09-23 15:14:28'),(30,18,'administrator','Download Arsip','File diakses/didownload: teswwwww.jpg','10.10.1.15','Mozilla/5.0 (Windows NT 10.0; Win64; x64) AppleWebKit/537.36 (KHTML, like Gecko) Chrome/140.0.0.0 Safari/537.36 Edg/140.0.0.0','2025-09-23 15:14:34'),(31,18,'administrator','Download Arsip','File diakses/didownload: aaaaaa.docx','10.10.1.3','Mozilla/5.0 (Windows NT 10.0; Win64; x64) AppleWebKit/537.36 (KHTML, like Gecko) Chrome/140.0.0.0 Safari/537.36','2025-09-23 15:14:34'),(32,18,'administrator','Download Arsip','File diakses/didownload: tes12222.pdf','10.10.1.15','Mozilla/5.0 (Windows NT 10.0; Win64; x64) AppleWebKit/537.36 (KHTML, like Gecko) Chrome/140.0.0.0 Safari/537.36 Edg/140.0.0.0','2025-09-23 15:15:00'),(33,18,'administrator','Download Arsip','File diakses/didownload: tes12.pdf','10.10.1.15','Mozilla/5.0 (Windows NT 10.0; Win64; x64) AppleWebKit/537.36 (KHTML, like Gecko) Chrome/140.0.0.0 Safari/537.36 Edg/140.0.0.0','2025-09-23 15:15:03'),(34,18,'administrator','Download Arsip','File diakses/didownload: tes4_.jpg','10.10.1.15','Mozilla/5.0 (Windows NT 10.0; Win64; x64) AppleWebKit/537.36 (KHTML, like Gecko) Chrome/140.0.0.0 Safari/537.36 Edg/140.0.0.0','2025-09-23 15:15:06'),(35,18,'administrator','Download Arsip','File diakses/didownload: tes_update_1758253819.pdf','10.10.1.15','Mozilla/5.0 (Windows NT 10.0; Win64; x64) AppleWebKit/537.36 (KHTML, like Gecko) Chrome/140.0.0.0 Safari/537.36 Edg/140.0.0.0','2025-09-23 15:15:09'),(36,18,'administrator','Download Arsip','File diakses/didownload: teswwwww.jpg','10.10.1.15','Mozilla/5.0 (Windows NT 10.0; Win64; x64) AppleWebKit/537.36 (KHTML, like Gecko) Chrome/140.0.0.0 Safari/537.36','2025-09-23 15:16:36'),(37,18,'administrator','Download Arsip','File diakses/didownload: tes_update_1758253819.pdf','10.10.1.1','Mozilla/5.0 (Windows NT 10.0; Win64; x64) AppleWebKit/537.36 (KHTML, like Gecko) Chrome/140.0.0.0 Safari/537.36 Edg/140.0.0.0','2025-09-24 08:10:47'),(38,18,'administrator','Upload Arsip','Arsip diupload: edasd.png','10.10.1.3','Mozilla/5.0 (Windows NT 10.0; Win64; x64) AppleWebKit/537.36 (KHTML, like Gecko) Chrome/140.0.0.0 Safari/537.36','2025-09-24 09:25:58'),(43,18,'administrator','Upload Arsip','Arsip diupload: afhsdhfsdf.png','10.10.1.3','Mozilla/5.0 (Windows NT 10.0; Win64; x64) AppleWebKit/537.36 (KHTML, like Gecko) Chrome/140.0.0.0 Safari/537.36','2025-09-25 09:31:10'),(44,18,'administrator','Upload Arsip','Arsip diupload: apa.pdf','10.10.1.15','Mozilla/5.0 (Windows NT 10.0; Win64; x64) AppleWebKit/537.36 (KHTML, like Gecko) Chrome/140.0.0.0 Safari/537.36','2025-09-25 09:57:21'),(45,18,'administrator','Upload Arsip','Arsip diupload: apaaa.pdf','10.10.1.15','Mozilla/5.0 (Windows NT 10.0; Win64; x64) AppleWebKit/537.36 (KHTML, like Gecko) Chrome/140.0.0.0 Safari/537.36','2025-09-25 09:59:55'),(46,18,'administrator','Hapus Arsip','Arsip dihapus: apaaa.pdf','10.10.1.15','Mozilla/5.0 (Windows NT 10.0; Win64; x64) AppleWebKit/537.36 (KHTML, like Gecko) Chrome/140.0.0.0 Safari/537.36','2025-09-25 10:00:44'),(47,18,'administrator','Hapus Arsip','Arsip dihapus: apa.pdf','10.10.1.15','Mozilla/5.0 (Windows NT 10.0; Win64; x64) AppleWebKit/537.36 (KHTML, like Gecko) Chrome/140.0.0.0 Safari/537.36','2025-09-25 10:00:49'),(48,18,'administrator','Upload Arsip','Arsip diupload: apa.pdf','10.10.1.15','Mozilla/5.0 (Windows NT 10.0; Win64; x64) AppleWebKit/537.36 (KHTML, like Gecko) Chrome/140.0.0.0 Safari/537.36','2025-09-25 10:01:08'),(49,18,'administrator','Hapus Arsip','Arsip dihapus: apa.pdf','10.10.1.15','Mozilla/5.0 (Windows NT 10.0; Win64; x64) AppleWebKit/537.36 (KHTML, like Gecko) Chrome/140.0.0.0 Safari/537.36','2025-09-25 10:03:12'),(50,18,'administrator','Upload Arsip','Arsip diupload: apa.pdf','10.10.1.15','Mozilla/5.0 (Windows NT 10.0; Win64; x64) AppleWebKit/537.36 (KHTML, like Gecko) Chrome/140.0.0.0 Safari/537.36','2025-09-25 10:03:27'),(51,18,'administrator','Hapus Arsip','Arsip dihapus: apa.pdf','10.10.1.15','Mozilla/5.0 (Windows NT 10.0; Win64; x64) AppleWebKit/537.36 (KHTML, like Gecko) Chrome/140.0.0.0 Safari/537.36','2025-09-25 10:03:34'),(52,18,'administrator','Upload Arsip','Arsip diupload: apa.pdf','10.10.1.15','Mozilla/5.0 (Windows NT 10.0; Win64; x64) AppleWebKit/537.36 (KHTML, like Gecko) Chrome/140.0.0.0 Safari/537.36','2025-09-25 10:13:25'),(53,18,'administrator','Hapus Arsip','Arsip dihapus: apa.pdf','10.10.1.15','Mozilla/5.0 (Windows NT 10.0; Win64; x64) AppleWebKit/537.36 (KHTML, like Gecko) Chrome/140.0.0.0 Safari/537.36','2025-09-25 10:13:33'),(54,18,'administrator','Upload Arsip','Arsip diupload: apa.pdf','10.10.1.15','Mozilla/5.0 (Windows NT 10.0; Win64; x64) AppleWebKit/537.36 (KHTML, like Gecko) Chrome/140.0.0.0 Safari/537.36','2025-09-25 10:16:32'),(55,18,'administrator','Hapus Arsip','Arsip dihapus: apa.pdf','10.10.1.15','Mozilla/5.0 (Windows NT 10.0; Win64; x64) AppleWebKit/537.36 (KHTML, like Gecko) Chrome/140.0.0.0 Safari/537.36','2025-09-25 10:26:15'),(56,18,'administrator','Upload Arsip','Arsip diupload: apa.pdf','10.10.1.15','Mozilla/5.0 (Windows NT 10.0; Win64; x64) AppleWebKit/537.36 (KHTML, like Gecko) Chrome/140.0.0.0 Safari/537.36','2025-09-25 10:26:27'),(57,18,'administrator','Hapus Arsip','Arsip dihapus: apa.pdf','10.10.1.15','Mozilla/5.0 (Windows NT 10.0; Win64; x64) AppleWebKit/537.36 (KHTML, like Gecko) Chrome/140.0.0.0 Safari/537.36','2025-09-25 10:30:04'),(58,18,'administrator','Upload Arsip','Arsip diupload: apa.pdf','10.10.1.15','Mozilla/5.0 (Windows NT 10.0; Win64; x64) AppleWebKit/537.36 (KHTML, like Gecko) Chrome/140.0.0.0 Safari/537.36','2025-09-25 10:30:20'),(59,18,'administrator','Hapus Arsip','Arsip dihapus: apa.pdf','10.10.1.15','Mozilla/5.0 (Windows NT 10.0; Win64; x64) AppleWebKit/537.36 (KHTML, like Gecko) Chrome/140.0.0.0 Safari/537.36','2025-09-25 10:30:29'),(60,18,'administrator','Upload Arsip','Arsip diupload: apa.pdf','10.10.1.15','Mozilla/5.0 (Windows NT 10.0; Win64; x64) AppleWebKit/537.36 (KHTML, like Gecko) Chrome/140.0.0.0 Safari/537.36','2025-09-25 10:31:24'),(61,18,'administrator','Hapus Arsip','Arsip dihapus: apa.pdf','10.10.1.15','Mozilla/5.0 (Windows NT 10.0; Win64; x64) AppleWebKit/537.36 (KHTML, like Gecko) Chrome/140.0.0.0 Safari/537.36','2025-09-25 10:37:14'),(62,18,'administrator','Upload Arsip','Arsip diupload: apa_itu.pdf','10.10.1.15','Mozilla/5.0 (Windows NT 10.0; Win64; x64) AppleWebKit/537.36 (KHTML, like Gecko) Chrome/140.0.0.0 Safari/537.36','2025-09-25 10:37:50'),(63,18,'administrator','Update Arsip','File arsip diperbarui: pkop_1758772053.png','10.10.1.3','Mozilla/5.0 (Windows NT 10.0; Win64; x64) AppleWebKit/537.36 (KHTML, like Gecko) Chrome/140.0.0.0 Safari/537.36','2025-09-25 10:47:33'),(64,18,'administrator','Upload Arsip','Arsip diupload: npwp.pdf','10.10.1.15','Mozilla/5.0 (Windows NT 10.0; Win64; x64) AppleWebKit/537.36 (KHTML, like Gecko) Chrome/140.0.0.0 Safari/537.36','2025-09-25 10:58:58'),(65,18,'administrator','Tambah Departemen','Departemen baru ditambahkan: tes','10.10.1.1','Mozilla/5.0 (Windows NT 10.0; Win64; x64) AppleWebKit/537.36 (KHTML, like Gecko) Chrome/140.0.0.0 Safari/537.36 Edg/140.0.0.0','2025-09-25 15:34:55'),(66,18,'administrator','Tambah Departemen','Departemen baru ditambahkan: KEU','10.10.1.3','Mozilla/5.0 (Windows NT 10.0; Win64; x64) AppleWebKit/537.36 (KHTML, like Gecko) Chrome/140.0.0.0 Safari/537.36','2025-09-25 15:35:26'),(67,18,'administrator','Hapus Departemen','Departemen dihapus: tes','10.10.1.3','Mozilla/5.0 (Windows NT 10.0; Win64; x64) AppleWebKit/537.36 (KHTML, like Gecko) Chrome/140.0.0.0 Safari/537.36','2025-09-25 15:35:32'),(68,18,'administrator','Upload Arsip','Arsip diupload: ters.pdf','10.10.1.1','Mozilla/5.0 (Windows NT 10.0; Win64; x64) AppleWebKit/537.36 (KHTML, like Gecko) Chrome/140.0.0.0 Safari/537.36 Edg/140.0.0.0','2025-09-25 15:51:33'),(69,18,'administrator','Tambah User','User baru ditambahkan: tes_rnd','10.10.1.1','Mozilla/5.0 (Windows NT 10.0; Win64; x64) AppleWebKit/537.36 (KHTML, like Gecko) Chrome/140.0.0.0 Safari/537.36 Edg/140.0.0.0','2025-09-25 16:05:36'),(73,18,'administrator','Hapus User','User dihapus: teszz_qc','10.10.1.1','Mozilla/5.0 (Windows NT 10.0; Win64; x64) AppleWebKit/537.36 (KHTML, like Gecko) Chrome/140.0.0.0 Safari/537.36 Edg/140.0.0.0','2025-09-26 08:45:26'),(74,18,'administrator','Update User','User diperbarui: dwiky_qa','10.10.1.1','Mozilla/5.0 (Windows NT 10.0; Win64; x64) AppleWebKit/537.36 (KHTML, like Gecko) Chrome/140.0.0.0 Safari/537.36 Edg/140.0.0.0','2025-09-26 08:45:36'),(75,18,'administrator','Update User','User diperbarui: dwiky_qa','10.10.1.1','Mozilla/5.0 (Windows NT 10.0; Win64; x64) AppleWebKit/537.36 (KHTML, like Gecko) Chrome/140.0.0.0 Safari/537.36 Edg/140.0.0.0','2025-09-26 08:45:45'),(76,18,'administrator','Tambah User','User baru ditambahkan: hanin_rnd','10.10.1.1','Mozilla/5.0 (Windows NT 10.0; Win64; x64) AppleWebKit/537.36 (KHTML, like Gecko) Chrome/140.0.0.0 Safari/537.36 Edg/140.0.0.0','2025-09-26 08:46:57'),(77,18,'administrator','Update User','User diperbarui: hanin_rnd','10.10.1.1','Mozilla/5.0 (Windows NT 10.0; Win64; x64) AppleWebKit/537.36 (KHTML, like Gecko) Chrome/140.0.0.0 Safari/537.36 Edg/140.0.0.0','2025-09-26 08:47:12'),(78,18,'administrator','Hapus User','User dihapus: hanin_rnd','10.10.1.1','Mozilla/5.0 (Windows NT 10.0; Win64; x64) AppleWebKit/537.36 (KHTML, like Gecko) Chrome/140.0.0.0 Safari/537.36 Edg/140.0.0.0','2025-09-26 08:48:15'),(79,18,'administrator','Tambah User','User baru ditambahkan: hanin_rnd','10.10.1.1','Mozilla/5.0 (Windows NT 10.0; Win64; x64) AppleWebKit/537.36 (KHTML, like Gecko) Chrome/140.0.0.0 Safari/537.36 Edg/140.0.0.0','2025-09-26 08:48:24'),(80,28,'hanin_rnd','Upload Arsip','Arsip diupload: tes.pdf','10.10.1.1','Mozilla/5.0 (Windows NT 10.0; Win64; x64) AppleWebKit/537.36 (KHTML, like Gecko) Chrome/140.0.0.0 Safari/537.36 Edg/140.0.0.0','2025-09-26 08:50:08'),(81,28,'hanin_rnd','Hapus Arsip','Arsip dihapus: tes.pdf','10.10.1.1','Mozilla/5.0 (Windows NT 10.0; Win64; x64) AppleWebKit/537.36 (KHTML, like Gecko) Chrome/140.0.0.0 Safari/537.36 Edg/140.0.0.0','2025-09-26 09:49:18'),(82,28,'hanin_rnd','Upload Arsip','Arsip diupload: tes.pdf','10.10.1.1','Mozilla/5.0 (Windows NT 10.0; Win64; x64) AppleWebKit/537.36 (KHTML, like Gecko) Chrome/140.0.0.0 Safari/537.36 Edg/140.0.0.0','2025-09-26 09:49:29'),(83,28,'hanin_rnd','Upload Arsip','Arsip diupload: tes2.pdf','10.10.1.1','Mozilla/5.0 (Windows NT 10.0; Win64; x64) AppleWebKit/537.36 (KHTML, like Gecko) Chrome/140.0.0.0 Safari/537.36 Edg/140.0.0.0','2025-09-26 09:56:51'),(84,28,'hanin_rnd','Update Arsip','Data arsip diperbarui tanpa file baru: ID 47','10.10.1.1','Mozilla/5.0 (Windows NT 10.0; Win64; x64) AppleWebKit/537.36 (KHTML, like Gecko) Chrome/140.0.0.0 Safari/537.36 Edg/140.0.0.0','2025-09-26 13:32:48'),(85,28,'hanin_rnd','Update Arsip','Data arsip diperbarui tanpa file baru: ID 47','10.10.1.1','Mozilla/5.0 (Windows NT 10.0; Win64; x64) AppleWebKit/537.36 (KHTML, like Gecko) Chrome/140.0.0.0 Safari/537.36 Edg/140.0.0.0','2025-09-26 13:32:52'),(86,18,'administrator','Update Arsip','Data arsip diperbarui tanpa file baru: ID 47','10.10.1.15','Mozilla/5.0 (Windows NT 10.0; Win64; x64) AppleWebKit/537.36 (KHTML, like Gecko) Chrome/140.0.0.0 Safari/537.36','2025-09-26 14:10:20'),(87,18,'administrator','Edit Departemen','Departemen diupdate: REG (ID: 11)','10.10.1.3','Mozilla/5.0 (Windows NT 10.0; Win64; x64) AppleWebKit/537.36 (KHTML, like Gecko) Chrome/140.0.0.0 Safari/537.36','2025-09-26 15:05:21'),(92,18,'administrator','Update User','User diperbarui: dahniar_p3','10.10.1.1','Mozilla/5.0 (Windows NT 10.0; Win64; x64) AppleWebKit/537.36 (KHTML, like Gecko) Chrome/140.0.0.0 Safari/537.36 Edg/140.0.0.0','2025-09-27 09:09:58'),(93,29,'tes_qc','Update Profile','User memperbarui profilnya sendiri: tes_qc','10.10.1.1','Mozilla/5.0 (Windows NT 10.0; Win64; x64) AppleWebKit/537.36 (KHTML, like Gecko) Chrome/140.0.0.0 Safari/537.36 Edg/140.0.0.0','2025-09-27 10:37:59'),(94,29,'test','Update Profile','User memperbarui profilnya sendiri: test','10.10.1.1','Mozilla/5.0 (Windows NT 10.0; Win64; x64) AppleWebKit/537.36 (KHTML, like Gecko) Chrome/140.0.0.0 Safari/537.36 Edg/140.0.0.0','2025-09-27 11:05:16'),(98,18,'administrator','Hapus Arsip','Arsip dihapus: ID 40','10.10.1.3','Mozilla/5.0 (Windows NT 10.0; Win64; x64) AppleWebKit/537.36 (KHTML, like Gecko) Chrome/140.0.0.0 Safari/537.36','2025-09-27 12:54:05'),(100,18,'administrator','Update User','User diperbarui: ayu_qc','10.10.1.1','Mozilla/5.0 (Windows NT 10.0; Win64; x64) AppleWebKit/537.36 (KHTML, like Gecko) Chrome/140.0.0.0 Safari/537.36 Edg/140.0.0.0','2025-09-29 09:03:02'),(101,18,'administrator','Hapus User','User dihapus: dahniar_p3','10.10.1.1','Mozilla/5.0 (Windows NT 10.0; Win64; x64) AppleWebKit/537.36 (KHTML, like Gecko) Chrome/140.0.0.0 Safari/537.36 Edg/140.0.0.0','2025-09-29 09:07:04'),(102,18,'administrator','Hapus User','User dihapus: ayu_qc','10.10.1.1','Mozilla/5.0 (Windows NT 10.0; Win64; x64) AppleWebKit/537.36 (KHTML, like Gecko) Chrome/140.0.0.0 Safari/537.36 Edg/140.0.0.0','2025-09-29 09:07:06'),(103,18,'administrator','Tambah User','User baru ditambahkan: ayu_qc','10.10.1.1','Mozilla/5.0 (Windows NT 10.0; Win64; x64) AppleWebKit/537.36 (KHTML, like Gecko) Chrome/140.0.0.0 Safari/537.36 Edg/140.0.0.0','2025-09-29 09:19:30'),(108,18,'administrator','Hapus Arsip','Arsip dihapus: ID 40','10.10.1.3','Mozilla/5.0 (Windows NT 10.0; Win64; x64) AppleWebKit/537.36 (KHTML, like Gecko) Chrome/140.0.0.0 Safari/537.36','2025-09-29 09:35:31'),(109,18,'administrator','Update User','User diperbarui: ayyu_qc','10.10.1.1','Mozilla/5.0 (Windows NT 10.0; Win64; x64) AppleWebKit/537.36 (KHTML, like Gecko) Chrome/140.0.0.0 Safari/537.36 Edg/140.0.0.0','2025-09-29 10:04:59'),(110,18,'administrator','Hapus User','User dihapus: ayyu_qc','10.10.1.1','Mozilla/5.0 (Windows NT 10.0; Win64; x64) AppleWebKit/537.36 (KHTML, like Gecko) Chrome/140.0.0.0 Safari/537.36 Edg/140.0.0.0','2025-09-29 10:05:36'),(111,18,'administrator','Tambah User','User baru ditambahkan: ayu_qc','10.10.1.1','Mozilla/5.0 (Windows NT 10.0; Win64; x64) AppleWebKit/537.36 (KHTML, like Gecko) Chrome/140.0.0.0 Safari/537.36 Edg/140.0.0.0','2025-09-29 10:05:47'),(113,18,'administrator_qc','Update Profile','User memperbarui profilnya sendiri: administrator_qc','10.10.1.1','Mozilla/5.0 (Windows NT 10.0; Win64; x64) AppleWebKit/537.36 (KHTML, like Gecko) Chrome/140.0.0.0 Safari/537.36 Edg/140.0.0.0','2025-09-29 10:18:28'),(115,18,'administrator','Upload Arsip','Arsip diupload: dwa.png','10.10.1.3','Mozilla/5.0 (Windows NT 10.0; Win64; x64) AppleWebKit/537.36 (KHTML, like Gecko) Chrome/140.0.0.0 Safari/537.36','2025-09-29 10:26:59'),(116,18,'administrator','Upload Arsip','Arsip diupload: aaaaaaafwe.png','10.10.1.3','Mozilla/5.0 (Windows NT 10.0; Win64; x64) AppleWebKit/537.36 (KHTML, like Gecko) Chrome/140.0.0.0 Safari/537.36','2025-09-29 10:28:17'),(117,18,'administrator','Upload Arsip','Arsip diupload: dwefr.png','10.10.1.3','Mozilla/5.0 (Windows NT 10.0; Win64; x64) AppleWebKit/537.36 (KHTML, like Gecko) Chrome/140.0.0.0 Safari/537.36','2025-09-29 10:31:19'),(118,18,'administrator','Update User','User diperbarui: ayu_qc','10.10.1.1','Mozilla/5.0 (Windows NT 10.0; Win64; x64) AppleWebKit/537.36 (KHTML, like Gecko) Chrome/140.0.0.0 Safari/537.36 Edg/140.0.0.0','2025-09-29 10:31:54'),(119,18,'administrator','Update User','User diperbarui: ayu','10.10.1.1','Mozilla/5.0 (Windows NT 10.0; Win64; x64) AppleWebKit/537.36 (KHTML, like Gecko) Chrome/140.0.0.0 Safari/537.36 Edg/140.0.0.0','2025-09-29 10:31:59'),(120,18,'administrator','Hapus User','User dihapus: ayu','10.10.1.1','Mozilla/5.0 (Windows NT 10.0; Win64; x64) AppleWebKit/537.36 (KHTML, like Gecko) Chrome/140.0.0.0 Safari/537.36 Edg/140.0.0.0','2025-09-29 10:32:03'),(121,18,'administrator','Tambah User','User baru ditambahkan: ayu_qc','10.10.1.1','Mozilla/5.0 (Windows NT 10.0; Win64; x64) AppleWebKit/537.36 (KHTML, like Gecko) Chrome/140.0.0.0 Safari/537.36 Edg/140.0.0.0','2025-09-29 10:32:38'),(122,18,'administrator','Upload Arsip','Arsip diupload: deefw.png','10.10.1.3','Mozilla/5.0 (Windows NT 10.0; Win64; x64) AppleWebKit/537.36 (KHTML, like Gecko) Chrome/140.0.0.0 Safari/537.36','2025-09-29 10:33:24'),(123,18,'administrator','Update User','User diperbarui: ayu_qc','10.10.1.1','Mozilla/5.0 (Windows NT 10.0; Win64; x64) AppleWebKit/537.36 (KHTML, like Gecko) Chrome/140.0.0.0 Safari/537.36 Edg/140.0.0.0','2025-09-29 10:35:54'),(124,18,'administrator','Update User','User diperbarui: dini_qa','10.10.1.1','Mozilla/5.0 (Windows NT 10.0; Win64; x64) AppleWebKit/537.36 (KHTML, like Gecko) Chrome/140.0.0.0 Safari/537.36 Edg/140.0.0.0','2025-09-29 10:49:04'),(125,18,'administrator','Update User','User diperbarui: ayu_qc','10.10.1.1','Mozilla/5.0 (Windows NT 10.0; Win64; x64) AppleWebKit/537.36 (KHTML, like Gecko) Chrome/140.0.0.0 Safari/537.36 Edg/140.0.0.0','2025-09-29 10:49:24'),(126,18,'administrator','Hapus User','User dihapus: ayu_qc','10.10.1.1','Mozilla/5.0 (Windows NT 10.0; Win64; x64) AppleWebKit/537.36 (KHTML, like Gecko) Chrome/140.0.0.0 Safari/537.36 Edg/140.0.0.0','2025-09-29 10:49:28'),(127,18,'administrator','Tambah Departemen','Departemen baru ditambahkan: SEFA','10.10.1.1','Mozilla/5.0 (Windows NT 10.0; Win64; x64) AppleWebKit/537.36 (KHTML, like Gecko) Chrome/140.0.0.0 Safari/537.36 Edg/140.0.0.0','2025-09-29 10:49:44'),(128,18,'administrator','Tambah User','User baru ditambahkan: ayu_qc','10.10.1.1','Mozilla/5.0 (Windows NT 10.0; Win64; x64) AppleWebKit/537.36 (KHTML, like Gecko) Chrome/140.0.0.0 Safari/537.36 Edg/140.0.0.0','2025-09-29 10:57:54'),(129,18,'administrator','Tambah Kategori','Kategori baru ditambahkan: tes1 (Departemen: 0)','10.10.1.1','Mozilla/5.0 (Windows NT 10.0; Win64; x64) AppleWebKit/537.36 (KHTML, like Gecko) Chrome/140.0.0.0 Safari/537.36 Edg/140.0.0.0','2025-09-29 11:13:11'),(130,18,'administrator','Tambah Kategori','Kategori baru ditambahkan: tes2 (Departemen: 0)','10.10.1.1','Mozilla/5.0 (Windows NT 10.0; Win64; x64) AppleWebKit/537.36 (KHTML, like Gecko) Chrome/140.0.0.0 Safari/537.36 Edg/140.0.0.0','2025-09-29 11:13:24'),(131,18,'administrator','Tambah Kategori','Kategori baru ditambahkan: gheh (Departemen: 9)','10.10.1.3','Mozilla/5.0 (Windows NT 10.0; Win64; x64) AppleWebKit/537.36 (KHTML, like Gecko) Chrome/140.0.0.0 Safari/537.36','2025-09-29 11:15:51'),(132,18,'administrator','Tambah Kategori','Kategori baru ditambahkan: ht6i7 (Departemen: 10)','10.10.1.3','Mozilla/5.0 (Windows NT 10.0; Win64; x64) AppleWebKit/537.36 (KHTML, like Gecko) Chrome/140.0.0.0 Safari/537.36','2025-09-29 11:15:59'),(133,18,'administrator','Tambah Kategori','Kategori baru ditambahkan: hendra (Departemen: 25)','10.10.1.3','Mozilla/5.0 (Windows NT 10.0; Win64; x64) AppleWebKit/537.36 (KHTML, like Gecko) Chrome/140.0.0.0 Safari/537.36','2025-09-29 11:16:24'),(134,18,'administrator','Tambah Kategori','Kategori baru ditambahkan: tes3 (Departemen: 10)','10.10.1.1','Mozilla/5.0 (Windows NT 10.0; Win64; x64) AppleWebKit/537.36 (KHTML, like Gecko) Chrome/140.0.0.0 Safari/537.36 Edg/140.0.0.0','2025-09-29 11:16:27'),(135,18,'administrator','Tambah Kategori','Kategori baru ditambahkan: Penagihan (Departemen: 9)','10.10.1.3','Mozilla/5.0 (Windows NT 10.0; Win64; x64) AppleWebKit/537.36 (KHTML, like Gecko) Chrome/140.0.0.0 Safari/537.36','2025-09-29 11:47:13'),(136,18,'administrator','Tambah User','User baru ditambahkan: nike_qc','10.10.1.3','Mozilla/5.0 (Windows NT 10.0; Win64; x64) AppleWebKit/537.36 (KHTML, like Gecko) Chrome/140.0.0.0 Safari/537.36','2025-09-29 11:48:05'),(137,18,'administrator','Hapus User','User dihapus: nike_qc','10.10.1.3','Mozilla/5.0 (Windows NT 10.0; Win64; x64) AppleWebKit/537.36 (KHTML, like Gecko) Chrome/140.0.0.0 Safari/537.36','2025-09-29 11:48:14'),(138,18,'administrator','Upload Arsip','Arsip diupload: fwe.png','10.10.1.3','Mozilla/5.0 (Windows NT 10.0; Win64; x64) AppleWebKit/537.36 (KHTML, like Gecko) Chrome/140.0.0.0 Safari/537.36','2025-09-29 13:10:41'),(140,18,'administrator','Hapus User','User dihapus: ayu_qc','10.10.1.1','Mozilla/5.0 (Windows NT 10.0; Win64; x64) AppleWebKit/537.36 (KHTML, like Gecko) Chrome/140.0.0.0 Safari/537.36 Edg/140.0.0.0','2025-09-29 13:29:43'),(143,18,'administrator','Hapus User','User dihapus: dini_qa','10.10.1.1','Mozilla/5.0 (Windows NT 10.0; Win64; x64) AppleWebKit/537.36 (KHTML, like Gecko) Chrome/140.0.0.0 Safari/537.36 Edg/140.0.0.0','2025-09-29 13:36:51'),(144,18,'administrator','Tambah User','User baru ditambahkan: ayu_qc','10.10.1.1','Mozilla/5.0 (Windows NT 10.0; Win64; x64) AppleWebKit/537.36 (KHTML, like Gecko) Chrome/140.0.0.0 Safari/537.36 Edg/140.0.0.0','2025-09-29 14:12:05'),(145,18,'administrator','Upload Arsip','Arsip diupload: dewd.png','10.10.1.3','Mozilla/5.0 (Windows NT 10.0; Win64; x64) AppleWebKit/537.36 (KHTML, like Gecko) Chrome/140.0.0.0 Safari/537.36','2025-09-29 14:44:39'),(146,18,'administrator','Upload Arsip','Arsip diupload: dweq.png','10.10.1.3','Mozilla/5.0 (Windows NT 10.0; Win64; x64) AppleWebKit/537.36 (KHTML, like Gecko) Chrome/140.0.0.0 Safari/537.36','2025-09-29 14:45:24'),(147,18,'administrator','Upload Arsip','Arsip diupload: das.png','10.10.1.3','Mozilla/5.0 (Windows NT 10.0; Win64; x64) AppleWebKit/537.36 (KHTML, like Gecko) Chrome/140.0.0.0 Safari/537.36','2025-09-29 14:47:16'),(148,18,'administrator','Update User','User diperbarui: dwiky_qa','10.10.1.1','Mozilla/5.0 (Windows NT 10.0; Win64; x64) AppleWebKit/537.36 (KHTML, like Gecko) Chrome/140.0.0.0 Safari/537.36 Edg/140.0.0.0','2025-09-29 14:48:27'),(150,18,'administrator','Hapus User','User dihapus: dwiky_qa','10.10.1.1','Mozilla/5.0 (Windows NT 10.0; Win64; x64) AppleWebKit/537.36 (KHTML, like Gecko) Chrome/140.0.0.0 Safari/537.36 Edg/140.0.0.0','2025-09-29 14:53:28'),(151,18,'administrator','Upload Arsip','Arsip diupload: geghy.jpg','10.10.1.3','Mozilla/5.0 (Windows NT 10.0; Win64; x64) AppleWebKit/537.36 (KHTML, like Gecko) Chrome/140.0.0.0 Safari/537.36','2025-09-29 14:58:08'),(152,18,'administrator','Hapus Arsip','Arsip dihapus: tes22.pdf','10.10.1.1','Mozilla/5.0 (Windows NT 10.0; Win64; x64) AppleWebKit/537.36 (KHTML, like Gecko) Chrome/140.0.0.0 Safari/537.36 Edg/140.0.0.0','2025-09-29 15:22:45'),(153,18,'administrator','Hapus Arsip','Arsip dihapus: tes.pdf','10.10.1.1','Mozilla/5.0 (Windows NT 10.0; Win64; x64) AppleWebKit/537.36 (KHTML, like Gecko) Chrome/140.0.0.0 Safari/537.36 Edg/140.0.0.0','2025-09-29 15:22:48'),(154,18,'administrator','Hapus Arsip','Arsip dihapus: tes.pdf','10.10.1.1','Mozilla/5.0 (Windows NT 10.0; Win64; x64) AppleWebKit/537.36 (KHTML, like Gecko) Chrome/140.0.0.0 Safari/537.36 Edg/140.0.0.0','2025-09-29 15:22:50'),(155,18,'administrator','Upload Arsip','Arsip diupload: dwv.png','10.10.1.3','Mozilla/5.0 (Windows NT 10.0; Win64; x64) AppleWebKit/537.36 (KHTML, like Gecko) Chrome/140.0.0.0 Safari/537.36','2025-09-29 15:23:24'),(156,18,'administrator','Tambah User','User baru ditambahkan: 1111_qc','10.10.1.1','Mozilla/5.0 (Windows NT 10.0; Win64; x64) AppleWebKit/537.36 (KHTML, like Gecko) Chrome/140.0.0.0 Safari/537.36 Edg/140.0.0.0','2025-09-29 15:23:48'),(157,18,'administrator','Update Arsip','Data arsip diperbarui tanpa file baru: ID 60','10.10.1.3','Mozilla/5.0 (Windows NT 10.0; Win64; x64) AppleWebKit/537.36 (KHTML, like Gecko) Chrome/140.0.0.0 Safari/537.36','2025-09-29 15:23:53'),(158,18,'administrator','Update Arsip','Data arsip diperbarui tanpa file baru: ID 60','10.10.1.3','Mozilla/5.0 (Windows NT 10.0; Win64; x64) AppleWebKit/537.36 (KHTML, like Gecko) Chrome/140.0.0.0 Safari/537.36','2025-09-29 15:24:16'),(160,18,'administrator','Hapus User','User dihapus: 1111_qc','10.10.1.1','Mozilla/5.0 (Windows NT 10.0; Win64; x64) AppleWebKit/537.36 (KHTML, like Gecko) Chrome/140.0.0.0 Safari/537.36 Edg/140.0.0.0','2025-09-29 15:25:00'),(161,18,'administrator','Upload Arsip','Arsip diupload: fefs.png','10.10.1.3','Mozilla/5.0 (Windows NT 10.0; Win64; x64) AppleWebKit/537.36 (KHTML, like Gecko) Chrome/140.0.0.0 Safari/537.36','2025-09-29 15:26:53'),(162,18,'administrator','Tambah User','User baru ditambahkan: 333_qc','10.10.1.1','Mozilla/5.0 (Windows NT 10.0; Win64; x64) AppleWebKit/537.36 (KHTML, like Gecko) Chrome/140.0.0.0 Safari/537.36 Edg/140.0.0.0','2025-09-29 15:27:52'),(164,18,'administrator','Hapus User','User dihapus: 333_qc','10.10.1.1','Mozilla/5.0 (Windows NT 10.0; Win64; x64) AppleWebKit/537.36 (KHTML, like Gecko) Chrome/140.0.0.0 Safari/537.36 Edg/140.0.0.0','2025-09-29 15:47:52'),(165,18,'administrator','Hapus Arsip','Arsip dihapus: 123.pdf','10.10.1.1','Mozilla/5.0 (Windows NT 10.0; Win64; x64) AppleWebKit/537.36 (KHTML, like Gecko) Chrome/140.0.0.0 Safari/537.36 Edg/140.0.0.0','2025-09-29 15:53:47'),(166,18,'administrator','Hapus Arsip','Arsip dihapus: fefs.png','10.10.1.1','Mozilla/5.0 (Windows NT 10.0; Win64; x64) AppleWebKit/537.36 (KHTML, like Gecko) Chrome/140.0.0.0 Safari/537.36 Edg/140.0.0.0','2025-09-29 15:53:53'),(167,18,'administrator','Upload Arsip','Arsip diupload: fsfsafr.jpg','10.10.1.3','Mozilla/5.0 (Windows NT 10.0; Win64; x64) AppleWebKit/537.36 (KHTML, like Gecko) Chrome/140.0.0.0 Safari/537.36','2025-09-29 15:56:13'),(169,18,'administrator','Upload Arsip','Arsip diupload: klasifikasi.png','10.10.1.3','Mozilla/5.0 (Windows NT 10.0; Win64; x64) AppleWebKit/537.36 (KHTML, like Gecko) Chrome/140.0.0.0 Safari/537.36','2025-09-30 09:01:29'),(170,18,'administrator','Upload Arsip','Arsip diupload: ewffaddfd.png','10.10.1.3','Mozilla/5.0 (Windows NT 10.0; Win64; x64) AppleWebKit/537.36 (KHTML, like Gecko) Chrome/140.0.0.0 Safari/537.36','2025-09-30 09:12:25'),(171,18,'administrator','Upload Arsip','Arsip diupload: 4gvasgf.png','10.10.1.3','Mozilla/5.0 (Windows NT 10.0; Win64; x64) AppleWebKit/537.36 (KHTML, like Gecko) Chrome/140.0.0.0 Safari/537.36','2025-09-30 09:15:34'),(172,18,'administrator','Hapus Arsip','Arsip dihapus: 4gvasgf.png','10.10.1.3','Mozilla/5.0 (Windows NT 10.0; Win64; x64) AppleWebKit/537.36 (KHTML, like Gecko) Chrome/140.0.0.0 Safari/537.36','2025-09-30 09:19:03'),(173,18,'administrator','Hapus Arsip','Arsip dihapus: ewffaddfd.png','10.10.1.3','Mozilla/5.0 (Windows NT 10.0; Win64; x64) AppleWebKit/537.36 (KHTML, like Gecko) Chrome/140.0.0.0 Safari/537.36','2025-09-30 09:19:05'),(174,18,'administrator','Hapus Arsip','Arsip dihapus: klasifikasi.png','10.10.1.3','Mozilla/5.0 (Windows NT 10.0; Win64; x64) AppleWebKit/537.36 (KHTML, like Gecko) Chrome/140.0.0.0 Safari/537.36','2025-09-30 09:19:07'),(175,18,'administrator','Hapus Arsip','Arsip dihapus: 123.pdf','10.10.1.3','Mozilla/5.0 (Windows NT 10.0; Win64; x64) AppleWebKit/537.36 (KHTML, like Gecko) Chrome/140.0.0.0 Safari/537.36','2025-09-30 09:19:09'),(176,18,'administrator','Hapus Arsip','Arsip dihapus: fsfsafr.jpg','10.10.1.3','Mozilla/5.0 (Windows NT 10.0; Win64; x64) AppleWebKit/537.36 (KHTML, like Gecko) Chrome/140.0.0.0 Safari/537.36','2025-09-30 09:19:11'),(177,18,'administrator','Hapus Arsip','Arsip dihapus: 123123.pdf','10.10.1.3','Mozilla/5.0 (Windows NT 10.0; Win64; x64) AppleWebKit/537.36 (KHTML, like Gecko) Chrome/140.0.0.0 Safari/537.36','2025-09-30 09:27:03'),(178,18,'administrator','Hapus Arsip','Arsip dihapus: dwv.png','10.10.1.3','Mozilla/5.0 (Windows NT 10.0; Win64; x64) AppleWebKit/537.36 (KHTML, like Gecko) Chrome/140.0.0.0 Safari/537.36','2025-09-30 09:27:06'),(179,18,'administrator','Hapus Arsip','Arsip dihapus: geghy.jpg','10.10.1.3','Mozilla/5.0 (Windows NT 10.0; Win64; x64) AppleWebKit/537.36 (KHTML, like Gecko) Chrome/140.0.0.0 Safari/537.36','2025-09-30 09:27:08'),(180,18,'administrator','Hapus Arsip','Arsip dihapus: das.png','10.10.1.3','Mozilla/5.0 (Windows NT 10.0; Win64; x64) AppleWebKit/537.36 (KHTML, like Gecko) Chrome/140.0.0.0 Safari/537.36','2025-09-30 09:27:10'),(181,18,'administrator','Hapus Arsip','Arsip dihapus: dweq.png','10.10.1.3','Mozilla/5.0 (Windows NT 10.0; Win64; x64) AppleWebKit/537.36 (KHTML, like Gecko) Chrome/140.0.0.0 Safari/537.36','2025-09-30 09:27:12'),(182,18,'administrator','Hapus Arsip','Arsip dihapus: dewd.png','10.10.1.3','Mozilla/5.0 (Windows NT 10.0; Win64; x64) AppleWebKit/537.36 (KHTML, like Gecko) Chrome/140.0.0.0 Safari/537.36','2025-09-30 09:27:14'),(183,18,'administrator','Hapus Arsip','Arsip dihapus: fwe.png','10.10.1.3','Mozilla/5.0 (Windows NT 10.0; Win64; x64) AppleWebKit/537.36 (KHTML, like Gecko) Chrome/140.0.0.0 Safari/537.36','2025-09-30 09:27:16'),(184,18,'administrator','Upload Arsip','Arsip diupload: tes1.png','10.10.1.3','Mozilla/5.0 (Windows NT 10.0; Win64; x64) AppleWebKit/537.36 (KHTML, like Gecko) Chrome/140.0.0.0 Safari/537.36','2025-09-30 09:27:47'),(185,18,'administrator','Upload Arsip','Arsip diupload: tes2.png','10.10.1.3','Mozilla/5.0 (Windows NT 10.0; Win64; x64) AppleWebKit/537.36 (KHTML, like Gecko) Chrome/140.0.0.0 Safari/537.36','2025-09-30 09:28:18'),(186,18,'administrator','Upload Arsip','Arsip diupload: tes3.png','10.10.1.3','Mozilla/5.0 (Windows NT 10.0; Win64; x64) AppleWebKit/537.36 (KHTML, like Gecko) Chrome/140.0.0.0 Safari/537.36','2025-09-30 09:28:39'),(187,18,'administrator','Upload Arsip','Arsip diupload: tes4.png','10.10.1.3','Mozilla/5.0 (Windows NT 10.0; Win64; x64) AppleWebKit/537.36 (KHTML, like Gecko) Chrome/140.0.0.0 Safari/537.36','2025-09-30 09:41:16'),(188,18,'administrator','Update Arsip','Data arsip diperbarui tanpa file baru: ID 72','10.10.1.3','Mozilla/5.0 (Windows NT 10.0; Win64; x64) AppleWebKit/537.36 (KHTML, like Gecko) Chrome/140.0.0.0 Safari/537.36','2025-09-30 10:29:41'),(190,18,'administrator','Hapus User','User dihapus: ayu_qc','10.10.1.1','Mozilla/5.0 (Windows NT 10.0; Win64; x64) AppleWebKit/537.36 (KHTML, like Gecko) Chrome/140.0.0.0 Safari/537.36 Edg/140.0.0.0','2025-09-30 13:18:32'),(191,18,'administrator','Hapus Arsip','Arsip dihapus: tes.pdf','10.10.1.1','Mozilla/5.0 (Windows NT 10.0; Win64; x64) AppleWebKit/537.36 (KHTML, like Gecko) Chrome/140.0.0.0 Safari/537.36 Edg/140.0.0.0','2025-09-30 13:18:46'),(192,18,'administrator','Tambah User','User baru ditambahkan: ayu_qc','10.10.1.1','Mozilla/5.0 (Windows NT 10.0; Win64; x64) AppleWebKit/537.36 (KHTML, like Gecko) Chrome/140.0.0.0 Safari/537.36 Edg/140.0.0.0','2025-09-30 13:18:57'),(195,18,'administrator','Hapus User','User dihapus: ayu_qc','10.10.1.1','Mozilla/5.0 (Windows NT 10.0; Win64; x64) AppleWebKit/537.36 (KHTML, like Gecko) Chrome/140.0.0.0 Safari/537.36 Edg/140.0.0.0','2025-09-30 14:07:23'),(196,18,'administrator','Hapus Arsip','Arsip dihapus: 1233.pdf','10.10.1.1','Mozilla/5.0 (Windows NT 10.0; Win64; x64) AppleWebKit/537.36 (KHTML, like Gecko) Chrome/140.0.0.0 Safari/537.36 Edg/140.0.0.0','2025-09-30 14:07:35'),(197,18,'administrator','Update User','User diperbarui: test_qc','10.10.1.1','Mozilla/5.0 (Windows NT 10.0; Win64; x64) AppleWebKit/537.36 (KHTML, like Gecko) Chrome/140.0.0.0 Safari/537.36 Edg/140.0.0.0','2025-09-30 14:08:29'),(198,29,'test_qc','Update Profile','User memperbarui profilnya sendiri: test_qc','10.10.1.1','Mozilla/5.0 (Windows NT 10.0; Win64; x64) AppleWebKit/537.36 (KHTML, like Gecko) Chrome/140.0.0.0 Safari/537.36 Edg/140.0.0.0','2025-09-30 14:36:47'),(199,29,'test_qc','Update Profile','User memperbarui profilnya sendiri: test_qc','10.10.1.1','Mozilla/5.0 (Windows NT 10.0; Win64; x64) AppleWebKit/537.36 (KHTML, like Gecko) Chrome/140.0.0.0 Safari/537.36 Edg/140.0.0.0','2025-09-30 14:42:34'),(200,29,'test_qc','Update Profile','User memperbarui profilnya sendiri: test_qc','10.10.1.1','Mozilla/5.0 (Windows NT 10.0; Win64; x64) AppleWebKit/537.36 (KHTML, like Gecko) Chrome/140.0.0.0 Safari/537.36 Edg/140.0.0.0','2025-09-30 14:42:42'),(201,29,'test_qc','Update Profile','User memperbarui profilnya sendiri: test_qc','10.10.1.1','Mozilla/5.0 (Windows NT 10.0; Win64; x64) AppleWebKit/537.36 (KHTML, like Gecko) Chrome/140.0.0.0 Safari/537.36 Edg/140.0.0.0','2025-09-30 15:00:54');
/*!40000 ALTER TABLE `tbl_audit_trail` ENABLE KEYS */;
UNLOCK TABLES;

--
-- Table structure for table `tbl_dep`
--

DROP TABLE IF EXISTS `tbl_dep`;
/*!40101 SET @saved_cs_client     = @@character_set_client */;
/*!40101 SET character_set_client = utf8 */;
CREATE TABLE `tbl_dep` (
  `id_dep` int(11) NOT NULL AUTO_INCREMENT,
  `nama_dep` varchar(255) DEFAULT NULL,
  PRIMARY KEY (`id_dep`)
) ENGINE=InnoDB AUTO_INCREMENT=27 DEFAULT CHARSET=utf8mb4 COLLATE=utf8mb4_general_ci;
/*!40101 SET character_set_client = @saved_cs_client */;

--
-- Dumping data for table `tbl_dep`
--

LOCK TABLES `tbl_dep` WRITE;
/*!40000 ALTER TABLE `tbl_dep` DISABLE KEYS */;
INSERT INTO `tbl_dep` VALUES (9,'QC'),(10,'RND'),(11,'REG'),(12,'NBL'),(13,'BETA'),(18,'PKRT'),(20,'QA'),(23,'P3'),(25,'KEU'),(26,'SEFA');
/*!40000 ALTER TABLE `tbl_dep` ENABLE KEYS */;
UNLOCK TABLES;

--
-- Table structure for table `tbl_kategori`
--

DROP TABLE IF EXISTS `tbl_kategori`;
/*!40101 SET @saved_cs_client     = @@character_set_client */;
/*!40101 SET character_set_client = utf8 */;
CREATE TABLE `tbl_kategori` (
  `id_kategori` int(11) NOT NULL AUTO_INCREMENT,
  `id_dep` int(11) NOT NULL,
  `nama_kategori` varchar(50) DEFAULT NULL,
  PRIMARY KEY (`id_kategori`),
  UNIQUE KEY `nama_kategori` (`nama_kategori`)
) ENGINE=InnoDB AUTO_INCREMENT=41 DEFAULT CHARSET=utf8mb4 COLLATE=utf8mb4_general_ci;
/*!40101 SET character_set_client = @saved_cs_client */;

--
-- Dumping data for table `tbl_kategori`
--

LOCK TABLES `tbl_kategori` WRITE;
/*!40000 ALTER TABLE `tbl_kategori` DISABLE KEYS */;
INSERT INTO `tbl_kategori` VALUES (22,0,'TES'),(23,0,'TESA'),(27,9,'tes111'),(28,9,'123123'),(29,9,'tttes'),(30,9,'tte'),(31,9,'3333'),(32,10,'ts'),(33,0,'tes1'),(34,0,'tes2'),(35,9,'gheh'),(36,10,'ht6i7'),(37,25,'hendra'),(38,10,'tes3'),(39,9,'Penagihan'),(40,20,'tesqa');
/*!40000 ALTER TABLE `tbl_kategori` ENABLE KEYS */;
UNLOCK TABLES;

--
-- Table structure for table `tbl_user`
--

DROP TABLE IF EXISTS `tbl_user`;
/*!40101 SET @saved_cs_client     = @@character_set_client */;
/*!40101 SET character_set_client = utf8 */;
CREATE TABLE `tbl_user` (
  `id_user` int(11) NOT NULL AUTO_INCREMENT,
  `nama_user` varchar(25) DEFAULT NULL,
  `password` varchar(255) DEFAULT NULL,
  `level` int(1) DEFAULT NULL,
  `id_dep` int(11) DEFAULT NULL,
  `username` varchar(25) DEFAULT NULL,
  PRIMARY KEY (`id_user`)
) ENGINE=InnoDB AUTO_INCREMENT=39 DEFAULT CHARSET=utf8mb4 COLLATE=utf8mb4_general_ci;
/*!40101 SET character_set_client = @saved_cs_client */;

--
-- Dumping data for table `tbl_user`
--

LOCK TABLES `tbl_user` WRITE;
/*!40000 ALTER TABLE `tbl_user` DISABLE KEYS */;
INSERT INTO `tbl_user` VALUES (12,'hendra','$2y$10$q/TuQZnA5xSIDLgrQCIPcOzlmgPXsz.IMVEIM8KW4H.I5PpwQXVky',2,23,'hendra_p3'),(18,'administrator','$2y$10$joJ73kor1Rj8xQ3zlTujBerDvIAmDX2jkp93vDuGCVt7Irat2TpM.',0,0,'administrator'),(28,'hanin','$2y$10$Ot1oWKIIMPtqxYWAtFPoBuGDznVoUK0GEwKO9nW3CfoLmhrOouXc2',1,10,'hanin_rnd'),(29,'test','$2y$10$5WLK4bncApPGwgcBCgev1O0SUF3sfY/S3rPsPeSHBlzHJwzwL706m',2,9,'test_qc');
/*!40000 ALTER TABLE `tbl_user` ENABLE KEYS */;
UNLOCK TABLES;
/*!40103 SET TIME_ZONE=@OLD_TIME_ZONE */;

/*!40101 SET SQL_MODE=@OLD_SQL_MODE */;
/*!40014 SET FOREIGN_KEY_CHECKS=@OLD_FOREIGN_KEY_CHECKS */;
/*!40014 SET UNIQUE_CHECKS=@OLD_UNIQUE_CHECKS */;
/*!40101 SET CHARACTER_SET_CLIENT=@OLD_CHARACTER_SET_CLIENT */;
/*!40101 SET CHARACTER_SET_RESULTS=@OLD_CHARACTER_SET_RESULTS */;
/*!40101 SET COLLATION_CONNECTION=@OLD_COLLATION_CONNECTION */;
/*!40111 SET SQL_NOTES=@OLD_SQL_NOTES */;

-- Dump completed on 2025-09-30 15:16:50
