

CREATE TABLE `tbl_arsip` (
  `id_arsip` int(11) NOT NULL AUTO_INCREMENT,
  `id_kategori` int(11) DEFAULT NULL,
  `deskripsi` text DEFAULT NULL,
  `tgl_upload` date DEFAULT NULL,
  `tgl_update` date DEFAULT NULL,
  `file_arsip` varchar(255) DEFAULT NULL,
  `id_dep` int(11) DEFAULT NULL,
  `id_user` int(11) DEFAULT NULL,
  `nama_user_upload` varchar(255) DEFAULT NULL,
  `klasifikasi` enum('rahasia','terbatas','umum') DEFAULT 'umum',
  `ukuran_arsip` bigint(20) DEFAULT NULL,
  PRIMARY KEY (`id_arsip`)
) ENGINE=InnoDB AUTO_INCREMENT=79 DEFAULT CHARSET=utf8mb4 COLLATE=utf8mb4_general_ci;

INSERT INTO `tbl_arsip` (`id_arsip`, `id_kategori`, `deskripsi`, `tgl_upload`, `tgl_update`, `file_arsip`, `id_dep`, `id_user`, `nama_user_upload`, `klasifikasi`, `ukuran_arsip`) VALUES ('72', '30', 'fgregdzx', '2025-09-30', '2025-09-30', 'tes4.png', '0', '18', NULL, 'terbatas', '735250');
INSERT INTO `tbl_arsip` (`id_arsip`, `id_kategori`, `deskripsi`, `tgl_upload`, `tgl_update`, `file_arsip`, `id_dep`, `id_user`, `nama_user_upload`, `klasifikasi`, `ukuran_arsip`) VALUES ('75', '23', 'dwqd', '2025-10-08', NULL, 'screenshot_2025-09-12_134256_a14764.png', '9', '18', 'administrator', 'umum', '30422');
INSERT INTO `tbl_arsip` (`id_arsip`, `id_kategori`, `deskripsi`, `tgl_upload`, `tgl_update`, `file_arsip`, `id_dep`, `id_user`, `nama_user_upload`, `klasifikasi`, `ukuran_arsip`) VALUES ('76', '31', 'wdqd', '2025-10-08', '2025-10-08', 'screenshot_2025-09-12_140619_29b442.png', '9', '18', 'administrator', 'umum', '48693');
INSERT INTO `tbl_arsip` (`id_arsip`, `id_kategori`, `deskripsi`, `tgl_upload`, `tgl_update`, `file_arsip`, `id_dep`, `id_user`, `nama_user_upload`, `klasifikasi`, `ukuran_arsip`) VALUES ('77', '22', 'cs', '2025-10-09', NULL, 'screenshot_2025-09-16_151416_6eb649.png', '10', '18', 'administrator', 'terbatas', '163462');
INSERT INTO `tbl_arsip` (`id_arsip`, `id_kategori`, `deskripsi`, `tgl_upload`, `tgl_update`, `file_arsip`, `id_dep`, `id_user`, `nama_user_upload`, `klasifikasi`, `ukuran_arsip`) VALUES ('78', '22', 'vsdcv', '2025-10-09', NULL, 'screenshot_2025-09-17_094151_9c86f1.png', '10', '18', 'administrator', 'rahasia', '5598');



CREATE TABLE `tbl_arsip_akses` (
  `id_akses` int(11) NOT NULL AUTO_INCREMENT,
  `id_arsip` int(11) DEFAULT NULL,
  `id_dep` int(11) DEFAULT NULL,
  PRIMARY KEY (`id_akses`),
  KEY `id_arsip` (`id_arsip`),
  KEY `id_dep` (`id_dep`),
  CONSTRAINT `tbl_arsip_akses_ibfk_1` FOREIGN KEY (`id_arsip`) REFERENCES `tbl_arsip` (`id_arsip`) ON DELETE CASCADE,
  CONSTRAINT `tbl_arsip_akses_ibfk_2` FOREIGN KEY (`id_dep`) REFERENCES `tbl_dep` (`id_dep`) ON DELETE CASCADE
) ENGINE=InnoDB AUTO_INCREMENT=46 DEFAULT CHARSET=utf8mb4 COLLATE=utf8mb4_general_ci;

INSERT INTO `tbl_arsip_akses` (`id_akses`, `id_arsip`, `id_dep`) VALUES ('37', '72', '11');
INSERT INTO `tbl_arsip_akses` (`id_akses`, `id_arsip`, `id_dep`) VALUES ('38', '72', '12');
INSERT INTO `tbl_arsip_akses` (`id_akses`, `id_arsip`, `id_dep`) VALUES ('39', '72', '13');
INSERT INTO `tbl_arsip_akses` (`id_akses`, `id_arsip`, `id_dep`) VALUES ('40', '72', '20');
INSERT INTO `tbl_arsip_akses` (`id_akses`, `id_arsip`, `id_dep`) VALUES ('41', '72', '23');
INSERT INTO `tbl_arsip_akses` (`id_akses`, `id_arsip`, `id_dep`) VALUES ('44', '77', '9');
INSERT INTO `tbl_arsip_akses` (`id_akses`, `id_arsip`, `id_dep`) VALUES ('45', '77', '10');



CREATE TABLE `tbl_audit_trail` (
  `id_audit` int(11) NOT NULL AUTO_INCREMENT,
  `id_user` int(11) DEFAULT NULL,
  `username` varchar(100) DEFAULT NULL,
  `action` varchar(100) NOT NULL,
  `description` text DEFAULT NULL,
  `ip_address` varchar(50) DEFAULT NULL,
  `user_agent` text DEFAULT NULL,
  `created_at` datetime DEFAULT current_timestamp(),
  PRIMARY KEY (`id_audit`),
  KEY `id_user` (`id_user`),
  CONSTRAINT `tbl_audit_trail_ibfk_1` FOREIGN KEY (`id_user`) REFERENCES `tbl_user` (`id_user`) ON DELETE CASCADE
) ENGINE=InnoDB AUTO_INCREMENT=201 DEFAULT CHARSET=utf8mb4 COLLATE=utf8mb4_general_ci;

INSERT INTO `tbl_audit_trail` (`id_audit`, `id_user`, `username`, `action`, `description`, `ip_address`, `user_agent`, `created_at`) VALUES ('3', NULL, NULL, 'Tambah User', 'User baru ditambahkan: tes2_qc', NULL, NULL, '2025-09-23 08:36:45');
INSERT INTO `tbl_audit_trail` (`id_audit`, `id_user`, `username`, `action`, `description`, `ip_address`, `user_agent`, `created_at`) VALUES ('4', NULL, NULL, 'Tambah User', 'User baru ditambahkan: tes3_qc', NULL, NULL, '2025-09-23 08:38:56');
INSERT INTO `tbl_audit_trail` (`id_audit`, `id_user`, `username`, `action`, `description`, `ip_address`, `user_agent`, `created_at`) VALUES ('5', NULL, NULL, 'Hapus User', 'User dihapus: tes3_qc', NULL, NULL, '2025-09-23 09:18:32');
INSERT INTO `tbl_audit_trail` (`id_audit`, `id_user`, `username`, `action`, `description`, `ip_address`, `user_agent`, `created_at`) VALUES ('6', NULL, NULL, 'Tambah User', 'User baru ditambahkan: tes3_rnd', NULL, NULL, '2025-09-23 09:26:38');
INSERT INTO `tbl_audit_trail` (`id_audit`, `id_user`, `username`, `action`, `description`, `ip_address`, `user_agent`, `created_at`) VALUES ('7', NULL, NULL, 'Hapus User', 'User dihapus: tes3_rnd', NULL, NULL, '2025-09-23 09:27:28');
INSERT INTO `tbl_audit_trail` (`id_audit`, `id_user`, `username`, `action`, `description`, `ip_address`, `user_agent`, `created_at`) VALUES ('8', '18', 'administrator', 'Update User', 'User diperbarui: dini_qa', '10.10.1.3', 'Mozilla/5.0 (Windows NT 10.0; Win64; x64) AppleWebKit/537.36 (KHTML, like Gecko) Chrome/140.0.0.0 Safari/537.36', '2025-09-23 09:46:40');
INSERT INTO `tbl_audit_trail` (`id_audit`, `id_user`, `username`, `action`, `description`, `ip_address`, `user_agent`, `created_at`) VALUES ('9', '18', 'administrator', 'Hapus User', 'User dihapus: tes2_qc', '10.10.1.1', 'Mozilla/5.0 (Windows NT 10.0; Win64; x64) AppleWebKit/537.36 (KHTML, like Gecko) Chrome/140.0.0.0 Safari/537.36 Edg/140.0.0.0', '2025-09-23 09:46:50');
INSERT INTO `tbl_audit_trail` (`id_audit`, `id_user`, `username`, `action`, `description`, `ip_address`, `user_agent`, `created_at`) VALUES ('10', '18', 'administrator', 'Upload Arsip', 'Arsip diupload: tes.pdf', '10.10.1.1', 'Mozilla/5.0 (Windows NT 10.0; Win64; x64) AppleWebKit/537.36 (KHTML, like Gecko) Chrome/140.0.0.0 Safari/537.36 Edg/140.0.0.0', '2025-09-23 09:58:05');
INSERT INTO `tbl_audit_trail` (`id_audit`, `id_user`, `username`, `action`, `description`, `ip_address`, `user_agent`, `created_at`) VALUES ('11', '18', 'administrator', 'Hapus Arsip', 'Arsip dihapus: tes.pdf', '10.10.1.1', 'Mozilla/5.0 (Windows NT 10.0; Win64; x64) AppleWebKit/537.36 (KHTML, like Gecko) Chrome/140.0.0.0 Safari/537.36 Edg/140.0.0.0', '2025-09-23 09:58:49');
INSERT INTO `tbl_audit_trail` (`id_audit`, `id_user`, `username`, `action`, `description`, `ip_address`, `user_agent`, `created_at`) VALUES ('12', '18', 'administrator', 'Upload Arsip', 'Arsip diupload: hth.png', '10.10.1.3', 'Mozilla/5.0 (Windows NT 10.0; Win64; x64) AppleWebKit/537.36 (KHTML, like Gecko) Chrome/140.0.0.0 Safari/537.36', '2025-09-23 10:10:24');
INSERT INTO `tbl_audit_trail` (`id_audit`, `id_user`, `username`, `action`, `description`, `ip_address`, `user_agent`, `created_at`) VALUES ('13', '18', 'administrator', 'Upload Arsip', 'Arsip diupload: dadas.png', '10.10.1.3', 'Mozilla/5.0 (Windows NT 10.0; Win64; x64) AppleWebKit/537.36 (KHTML, like Gecko) Chrome/140.0.0.0 Safari/537.36', '2025-09-23 10:19:41');
INSERT INTO `tbl_audit_trail` (`id_audit`, `id_user`, `username`, `action`, `description`, `ip_address`, `user_agent`, `created_at`) VALUES ('14', '18', 'administrator', 'Hapus Arsip', 'Arsip dihapus: dadas.png', '10.10.1.3', 'Mozilla/5.0 (Windows NT 10.0; Win64; x64) AppleWebKit/537.36 (KHTML, like Gecko) Chrome/140.0.0.0 Safari/537.36', '2025-09-23 10:20:22');
INSERT INTO `tbl_audit_trail` (`id_audit`, `id_user`, `username`, `action`, `description`, `ip_address`, `user_agent`, `created_at`) VALUES ('15', '18', 'administrator', 'Hapus User', 'User dihapus: tes_qc', '10.10.1.3', 'Mozilla/5.0 (Windows NT 10.0; Win64; x64) AppleWebKit/537.36 (KHTML, like Gecko) Chrome/140.0.0.0 Safari/537.36', '2025-09-23 10:23:05');
INSERT INTO `tbl_audit_trail` (`id_audit`, `id_user`, `username`, `action`, `description`, `ip_address`, `user_agent`, `created_at`) VALUES ('16', '18', 'administrator', 'Hapus Arsip', 'Arsip dihapus: hth.png', '10.10.1.3', 'Mozilla/5.0 (Windows NT 10.0; Win64; x64) AppleWebKit/537.36 (KHTML, like Gecko) Chrome/140.0.0.0 Safari/537.36', '2025-09-23 10:26:15');
INSERT INTO `tbl_audit_trail` (`id_audit`, `id_user`, `username`, `action`, `description`, `ip_address`, `user_agent`, `created_at`) VALUES ('22', '18', 'administrator', 'Upload Arsip', 'Arsip diupload: teswwwww.jpg', '10.10.1.1', 'Mozilla/5.0 (Windows NT 10.0; Win64; x64) AppleWebKit/537.36 (KHTML, like Gecko) Chrome/140.0.0.0 Safari/537.36 Edg/140.0.0.0', '2025-09-23 14:32:12');
INSERT INTO `tbl_audit_trail` (`id_audit`, `id_user`, `username`, `action`, `description`, `ip_address`, `user_agent`, `created_at`) VALUES ('23', '18', 'administrator', 'Download Arsip', 'File diakses/didownload: teswwwww.jpg', '10.10.1.1', 'Mozilla/5.0 (Windows NT 10.0; Win64; x64) AppleWebKit/537.36 (KHTML, like Gecko) Chrome/140.0.0.0 Safari/537.36 Edg/140.0.0.0', '2025-09-23 14:33:10');
INSERT INTO `tbl_audit_trail` (`id_audit`, `id_user`, `username`, `action`, `description`, `ip_address`, `user_agent`, `created_at`) VALUES ('24', '18', 'administrator', 'Upload Arsip', 'Arsip diupload: aaaaaa.docx', '10.10.1.15', 'Mozilla/5.0 (Windows NT 10.0; Win64; x64) AppleWebKit/537.36 (KHTML, like Gecko) Chrome/140.0.0.0 Safari/537.36', '2025-09-23 14:43:01');
INSERT INTO `tbl_audit_trail` (`id_audit`, `id_user`, `username`, `action`, `description`, `ip_address`, `user_agent`, `created_at`) VALUES ('25', '18', 'administrator', 'Download Arsip', 'File diakses/didownload: aaaaaa.docx', '10.10.1.15', 'Mozilla/5.0 (Windows NT 10.0; Win64; x64) AppleWebKit/537.36 (KHTML, like Gecko) Chrome/140.0.0.0 Safari/537.36', '2025-09-23 15:10:19');
INSERT INTO `tbl_audit_trail` (`id_audit`, `id_user`, `username`, `action`, `description`, `ip_address`, `user_agent`, `created_at`) VALUES ('26', '18', 'administrator', 'Download Arsip', 'File diakses/didownload: teswwwww.jpg', '10.10.1.15', 'Mozilla/5.0 (Windows NT 10.0; Win64; x64) AppleWebKit/537.36 (KHTML, like Gecko) Chrome/140.0.0.0 Safari/537.36', '2025-09-23 15:10:30');
INSERT INTO `tbl_audit_trail` (`id_audit`, `id_user`, `username`, `action`, `description`, `ip_address`, `user_agent`, `created_at`) VALUES ('27', '18', 'administrator', 'Download Arsip', 'File diakses/didownload: aaaaaa.docx', '10.10.1.15', 'Mozilla/5.0 (Windows NT 10.0; Win64; x64) AppleWebKit/537.36 (KHTML, like Gecko) Chrome/140.0.0.0 Safari/537.36', '2025-09-23 15:13:42');
INSERT INTO `tbl_audit_trail` (`id_audit`, `id_user`, `username`, `action`, `description`, `ip_address`, `user_agent`, `created_at`) VALUES ('28', '18', 'administrator', 'Download Arsip', 'File diakses/didownload: aaaaaa.docx', '10.10.1.15', 'Mozilla/5.0 (Windows NT 10.0; Win64; x64) AppleWebKit/537.36 (KHTML, like Gecko) Chrome/140.0.0.0 Safari/537.36 Edg/140.0.0.0', '2025-09-23 15:14:13');
INSERT INTO `tbl_audit_trail` (`id_audit`, `id_user`, `username`, `action`, `description`, `ip_address`, `user_agent`, `created_at`) VALUES ('29', '18', 'administrator', 'Download Arsip', 'File diakses/didownload: aaaaaa.docx', '10.10.1.15', 'Mozilla/5.0 (Windows NT 10.0; Win64; x64) AppleWebKit/537.36 (KHTML, like Gecko) Chrome/140.0.0.0 Safari/537.36 Edg/140.0.0.0', '2025-09-23 15:14:28');
INSERT INTO `tbl_audit_trail` (`id_audit`, `id_user`, `username`, `action`, `description`, `ip_address`, `user_agent`, `created_at`) VALUES ('30', '18', 'administrator', 'Download Arsip', 'File diakses/didownload: teswwwww.jpg', '10.10.1.15', 'Mozilla/5.0 (Windows NT 10.0; Win64; x64) AppleWebKit/537.36 (KHTML, like Gecko) Chrome/140.0.0.0 Safari/537.36 Edg/140.0.0.0', '2025-09-23 15:14:34');
INSERT INTO `tbl_audit_trail` (`id_audit`, `id_user`, `username`, `action`, `description`, `ip_address`, `user_agent`, `created_at`) VALUES ('31', '18', 'administrator', 'Download Arsip', 'File diakses/didownload: aaaaaa.docx', '10.10.1.3', 'Mozilla/5.0 (Windows NT 10.0; Win64; x64) AppleWebKit/537.36 (KHTML, like Gecko) Chrome/140.0.0.0 Safari/537.36', '2025-09-23 15:14:34');
INSERT INTO `tbl_audit_trail` (`id_audit`, `id_user`, `username`, `action`, `description`, `ip_address`, `user_agent`, `created_at`) VALUES ('32', '18', 'administrator', 'Download Arsip', 'File diakses/didownload: tes12222.pdf', '10.10.1.15', 'Mozilla/5.0 (Windows NT 10.0; Win64; x64) AppleWebKit/537.36 (KHTML, like Gecko) Chrome/140.0.0.0 Safari/537.36 Edg/140.0.0.0', '2025-09-23 15:15:00');
INSERT INTO `tbl_audit_trail` (`id_audit`, `id_user`, `username`, `action`, `description`, `ip_address`, `user_agent`, `created_at`) VALUES ('33', '18', 'administrator', 'Download Arsip', 'File diakses/didownload: tes12.pdf', '10.10.1.15', 'Mozilla/5.0 (Windows NT 10.0; Win64; x64) AppleWebKit/537.36 (KHTML, like Gecko) Chrome/140.0.0.0 Safari/537.36 Edg/140.0.0.0', '2025-09-23 15:15:03');
INSERT INTO `tbl_audit_trail` (`id_audit`, `id_user`, `username`, `action`, `description`, `ip_address`, `user_agent`, `created_at`) VALUES ('34', '18', 'administrator', 'Download Arsip', 'File diakses/didownload: tes4_.jpg', '10.10.1.15', 'Mozilla/5.0 (Windows NT 10.0; Win64; x64) AppleWebKit/537.36 (KHTML, like Gecko) Chrome/140.0.0.0 Safari/537.36 Edg/140.0.0.0', '2025-09-23 15:15:06');
INSERT INTO `tbl_audit_trail` (`id_audit`, `id_user`, `username`, `action`, `description`, `ip_address`, `user_agent`, `created_at`) VALUES ('35', '18', 'administrator', 'Download Arsip', 'File diakses/didownload: tes_update_1758253819.pdf', '10.10.1.15', 'Mozilla/5.0 (Windows NT 10.0; Win64; x64) AppleWebKit/537.36 (KHTML, like Gecko) Chrome/140.0.0.0 Safari/537.36 Edg/140.0.0.0', '2025-09-23 15:15:09');
INSERT INTO `tbl_audit_trail` (`id_audit`, `id_user`, `username`, `action`, `description`, `ip_address`, `user_agent`, `created_at`) VALUES ('36', '18', 'administrator', 'Download Arsip', 'File diakses/didownload: teswwwww.jpg', '10.10.1.15', 'Mozilla/5.0 (Windows NT 10.0; Win64; x64) AppleWebKit/537.36 (KHTML, like Gecko) Chrome/140.0.0.0 Safari/537.36', '2025-09-23 15:16:36');
INSERT INTO `tbl_audit_trail` (`id_audit`, `id_user`, `username`, `action`, `description`, `ip_address`, `user_agent`, `created_at`) VALUES ('37', '18', 'administrator', 'Download Arsip', 'File diakses/didownload: tes_update_1758253819.pdf', '10.10.1.1', 'Mozilla/5.0 (Windows NT 10.0; Win64; x64) AppleWebKit/537.36 (KHTML, like Gecko) Chrome/140.0.0.0 Safari/537.36 Edg/140.0.0.0', '2025-09-24 08:10:47');
INSERT INTO `tbl_audit_trail` (`id_audit`, `id_user`, `username`, `action`, `description`, `ip_address`, `user_agent`, `created_at`) VALUES ('38', '18', 'administrator', 'Upload Arsip', 'Arsip diupload: edasd.png', '10.10.1.3', 'Mozilla/5.0 (Windows NT 10.0; Win64; x64) AppleWebKit/537.36 (KHTML, like Gecko) Chrome/140.0.0.0 Safari/537.36', '2025-09-24 09:25:58');
INSERT INTO `tbl_audit_trail` (`id_audit`, `id_user`, `username`, `action`, `description`, `ip_address`, `user_agent`, `created_at`) VALUES ('43', '18', 'administrator', 'Upload Arsip', 'Arsip diupload: afhsdhfsdf.png', '10.10.1.3', 'Mozilla/5.0 (Windows NT 10.0; Win64; x64) AppleWebKit/537.36 (KHTML, like Gecko) Chrome/140.0.0.0 Safari/537.36', '2025-09-25 09:31:10');
INSERT INTO `tbl_audit_trail` (`id_audit`, `id_user`, `username`, `action`, `description`, `ip_address`, `user_agent`, `created_at`) VALUES ('44', '18', 'administrator', 'Upload Arsip', 'Arsip diupload: apa.pdf', '10.10.1.15', 'Mozilla/5.0 (Windows NT 10.0; Win64; x64) AppleWebKit/537.36 (KHTML, like Gecko) Chrome/140.0.0.0 Safari/537.36', '2025-09-25 09:57:21');
INSERT INTO `tbl_audit_trail` (`id_audit`, `id_user`, `username`, `action`, `description`, `ip_address`, `user_agent`, `created_at`) VALUES ('45', '18', 'administrator', 'Upload Arsip', 'Arsip diupload: apaaa.pdf', '10.10.1.15', 'Mozilla/5.0 (Windows NT 10.0; Win64; x64) AppleWebKit/537.36 (KHTML, like Gecko) Chrome/140.0.0.0 Safari/537.36', '2025-09-25 09:59:55');
INSERT INTO `tbl_audit_trail` (`id_audit`, `id_user`, `username`, `action`, `description`, `ip_address`, `user_agent`, `created_at`) VALUES ('46', '18', 'administrator', 'Hapus Arsip', 'Arsip dihapus: apaaa.pdf', '10.10.1.15', 'Mozilla/5.0 (Windows NT 10.0; Win64; x64) AppleWebKit/537.36 (KHTML, like Gecko) Chrome/140.0.0.0 Safari/537.36', '2025-09-25 10:00:44');
INSERT INTO `tbl_audit_trail` (`id_audit`, `id_user`, `username`, `action`, `description`, `ip_address`, `user_agent`, `created_at`) VALUES ('47', '18', 'administrator', 'Hapus Arsip', 'Arsip dihapus: apa.pdf', '10.10.1.15', 'Mozilla/5.0 (Windows NT 10.0; Win64; x64) AppleWebKit/537.36 (KHTML, like Gecko) Chrome/140.0.0.0 Safari/537.36', '2025-09-25 10:00:49');
INSERT INTO `tbl_audit_trail` (`id_audit`, `id_user`, `username`, `action`, `description`, `ip_address`, `user_agent`, `created_at`) VALUES ('48', '18', 'administrator', 'Upload Arsip', 'Arsip diupload: apa.pdf', '10.10.1.15', 'Mozilla/5.0 (Windows NT 10.0; Win64; x64) AppleWebKit/537.36 (KHTML, like Gecko) Chrome/140.0.0.0 Safari/537.36', '2025-09-25 10:01:08');
INSERT INTO `tbl_audit_trail` (`id_audit`, `id_user`, `username`, `action`, `description`, `ip_address`, `user_agent`, `created_at`) VALUES ('49', '18', 'administrator', 'Hapus Arsip', 'Arsip dihapus: apa.pdf', '10.10.1.15', 'Mozilla/5.0 (Windows NT 10.0; Win64; x64) AppleWebKit/537.36 (KHTML, like Gecko) Chrome/140.0.0.0 Safari/537.36', '2025-09-25 10:03:12');
INSERT INTO `tbl_audit_trail` (`id_audit`, `id_user`, `username`, `action`, `description`, `ip_address`, `user_agent`, `created_at`) VALUES ('50', '18', 'administrator', 'Upload Arsip', 'Arsip diupload: apa.pdf', '10.10.1.15', 'Mozilla/5.0 (Windows NT 10.0; Win64; x64) AppleWebKit/537.36 (KHTML, like Gecko) Chrome/140.0.0.0 Safari/537.36', '2025-09-25 10:03:27');
INSERT INTO `tbl_audit_trail` (`id_audit`, `id_user`, `username`, `action`, `description`, `ip_address`, `user_agent`, `created_at`) VALUES ('51', '18', 'administrator', 'Hapus Arsip', 'Arsip dihapus: apa.pdf', '10.10.1.15', 'Mozilla/5.0 (Windows NT 10.0; Win64; x64) AppleWebKit/537.36 (KHTML, like Gecko) Chrome/140.0.0.0 Safari/537.36', '2025-09-25 10:03:34');
INSERT INTO `tbl_audit_trail` (`id_audit`, `id_user`, `username`, `action`, `description`, `ip_address`, `user_agent`, `created_at`) VALUES ('52', '18', 'administrator', 'Upload Arsip', 'Arsip diupload: apa.pdf', '10.10.1.15', 'Mozilla/5.0 (Windows NT 10.0; Win64; x64) AppleWebKit/537.36 (KHTML, like Gecko) Chrome/140.0.0.0 Safari/537.36', '2025-09-25 10:13:25');
INSERT INTO `tbl_audit_trail` (`id_audit`, `id_user`, `username`, `action`, `description`, `ip_address`, `user_agent`, `created_at`) VALUES ('53', '18', 'administrator', 'Hapus Arsip', 'Arsip dihapus: apa.pdf', '10.10.1.15', 'Mozilla/5.0 (Windows NT 10.0; Win64; x64) AppleWebKit/537.36 (KHTML, like Gecko) Chrome/140.0.0.0 Safari/537.36', '2025-09-25 10:13:33');
INSERT INTO `tbl_audit_trail` (`id_audit`, `id_user`, `username`, `action`, `description`, `ip_address`, `user_agent`, `created_at`) VALUES ('54', '18', 'administrator', 'Upload Arsip', 'Arsip diupload: apa.pdf', '10.10.1.15', 'Mozilla/5.0 (Windows NT 10.0; Win64; x64) AppleWebKit/537.36 (KHTML, like Gecko) Chrome/140.0.0.0 Safari/537.36', '2025-09-25 10:16:32');
INSERT INTO `tbl_audit_trail` (`id_audit`, `id_user`, `username`, `action`, `description`, `ip_address`, `user_agent`, `created_at`) VALUES ('55', '18', 'administrator', 'Hapus Arsip', 'Arsip dihapus: apa.pdf', '10.10.1.15', 'Mozilla/5.0 (Windows NT 10.0; Win64; x64) AppleWebKit/537.36 (KHTML, like Gecko) Chrome/140.0.0.0 Safari/537.36', '2025-09-25 10:26:15');
INSERT INTO `tbl_audit_trail` (`id_audit`, `id_user`, `username`, `action`, `description`, `ip_address`, `user_agent`, `created_at`) VALUES ('56', '18', 'administrator', 'Upload Arsip', 'Arsip diupload: apa.pdf', '10.10.1.15', 'Mozilla/5.0 (Windows NT 10.0; Win64; x64) AppleWebKit/537.36 (KHTML, like Gecko) Chrome/140.0.0.0 Safari/537.36', '2025-09-25 10:26:27');
INSERT INTO `tbl_audit_trail` (`id_audit`, `id_user`, `username`, `action`, `description`, `ip_address`, `user_agent`, `created_at`) VALUES ('57', '18', 'administrator', 'Hapus Arsip', 'Arsip dihapus: apa.pdf', '10.10.1.15', 'Mozilla/5.0 (Windows NT 10.0; Win64; x64) AppleWebKit/537.36 (KHTML, like Gecko) Chrome/140.0.0.0 Safari/537.36', '2025-09-25 10:30:04');
INSERT INTO `tbl_audit_trail` (`id_audit`, `id_user`, `username`, `action`, `description`, `ip_address`, `user_agent`, `created_at`) VALUES ('58', '18', 'administrator', 'Upload Arsip', 'Arsip diupload: apa.pdf', '10.10.1.15', 'Mozilla/5.0 (Windows NT 10.0; Win64; x64) AppleWebKit/537.36 (KHTML, like Gecko) Chrome/140.0.0.0 Safari/537.36', '2025-09-25 10:30:20');
INSERT INTO `tbl_audit_trail` (`id_audit`, `id_user`, `username`, `action`, `description`, `ip_address`, `user_agent`, `created_at`) VALUES ('59', '18', 'administrator', 'Hapus Arsip', 'Arsip dihapus: apa.pdf', '10.10.1.15', 'Mozilla/5.0 (Windows NT 10.0; Win64; x64) AppleWebKit/537.36 (KHTML, like Gecko) Chrome/140.0.0.0 Safari/537.36', '2025-09-25 10:30:29');
INSERT INTO `tbl_audit_trail` (`id_audit`, `id_user`, `username`, `action`, `description`, `ip_address`, `user_agent`, `created_at`) VALUES ('60', '18', 'administrator', 'Upload Arsip', 'Arsip diupload: apa.pdf', '10.10.1.15', 'Mozilla/5.0 (Windows NT 10.0; Win64; x64) AppleWebKit/537.36 (KHTML, like Gecko) Chrome/140.0.0.0 Safari/537.36', '2025-09-25 10:31:24');
INSERT INTO `tbl_audit_trail` (`id_audit`, `id_user`, `username`, `action`, `description`, `ip_address`, `user_agent`, `created_at`) VALUES ('61', '18', 'administrator', 'Hapus Arsip', 'Arsip dihapus: apa.pdf', '10.10.1.15', 'Mozilla/5.0 (Windows NT 10.0; Win64; x64) AppleWebKit/537.36 (KHTML, like Gecko) Chrome/140.0.0.0 Safari/537.36', '2025-09-25 10:37:14');
INSERT INTO `tbl_audit_trail` (`id_audit`, `id_user`, `username`, `action`, `description`, `ip_address`, `user_agent`, `created_at`) VALUES ('62', '18', 'administrator', 'Upload Arsip', 'Arsip diupload: apa_itu.pdf', '10.10.1.15', 'Mozilla/5.0 (Windows NT 10.0; Win64; x64) AppleWebKit/537.36 (KHTML, like Gecko) Chrome/140.0.0.0 Safari/537.36', '2025-09-25 10:37:50');
INSERT INTO `tbl_audit_trail` (`id_audit`, `id_user`, `username`, `action`, `description`, `ip_address`, `user_agent`, `created_at`) VALUES ('63', '18', 'administrator', 'Update Arsip', 'File arsip diperbarui: pkop_1758772053.png', '10.10.1.3', 'Mozilla/5.0 (Windows NT 10.0; Win64; x64) AppleWebKit/537.36 (KHTML, like Gecko) Chrome/140.0.0.0 Safari/537.36', '2025-09-25 10:47:33');
INSERT INTO `tbl_audit_trail` (`id_audit`, `id_user`, `username`, `action`, `description`, `ip_address`, `user_agent`, `created_at`) VALUES ('64', '18', 'administrator', 'Upload Arsip', 'Arsip diupload: npwp.pdf', '10.10.1.15', 'Mozilla/5.0 (Windows NT 10.0; Win64; x64) AppleWebKit/537.36 (KHTML, like Gecko) Chrome/140.0.0.0 Safari/537.36', '2025-09-25 10:58:58');
INSERT INTO `tbl_audit_trail` (`id_audit`, `id_user`, `username`, `action`, `description`, `ip_address`, `user_agent`, `created_at`) VALUES ('65', '18', 'administrator', 'Tambah Departemen', 'Departemen baru ditambahkan: tes', '10.10.1.1', 'Mozilla/5.0 (Windows NT 10.0; Win64; x64) AppleWebKit/537.36 (KHTML, like Gecko) Chrome/140.0.0.0 Safari/537.36 Edg/140.0.0.0', '2025-09-25 15:34:55');
INSERT INTO `tbl_audit_trail` (`id_audit`, `id_user`, `username`, `action`, `description`, `ip_address`, `user_agent`, `created_at`) VALUES ('66', '18', 'administrator', 'Tambah Departemen', 'Departemen baru ditambahkan: KEU', '10.10.1.3', 'Mozilla/5.0 (Windows NT 10.0; Win64; x64) AppleWebKit/537.36 (KHTML, like Gecko) Chrome/140.0.0.0 Safari/537.36', '2025-09-25 15:35:26');
INSERT INTO `tbl_audit_trail` (`id_audit`, `id_user`, `username`, `action`, `description`, `ip_address`, `user_agent`, `created_at`) VALUES ('67', '18', 'administrator', 'Hapus Departemen', 'Departemen dihapus: tes', '10.10.1.3', 'Mozilla/5.0 (Windows NT 10.0; Win64; x64) AppleWebKit/537.36 (KHTML, like Gecko) Chrome/140.0.0.0 Safari/537.36', '2025-09-25 15:35:32');
INSERT INTO `tbl_audit_trail` (`id_audit`, `id_user`, `username`, `action`, `description`, `ip_address`, `user_agent`, `created_at`) VALUES ('68', '18', 'administrator', 'Upload Arsip', 'Arsip diupload: ters.pdf', '10.10.1.1', 'Mozilla/5.0 (Windows NT 10.0; Win64; x64) AppleWebKit/537.36 (KHTML, like Gecko) Chrome/140.0.0.0 Safari/537.36 Edg/140.0.0.0', '2025-09-25 15:51:33');
INSERT INTO `tbl_audit_trail` (`id_audit`, `id_user`, `username`, `action`, `description`, `ip_address`, `user_agent`, `created_at`) VALUES ('69', '18', 'administrator', 'Tambah User', 'User baru ditambahkan: tes_rnd', '10.10.1.1', 'Mozilla/5.0 (Windows NT 10.0; Win64; x64) AppleWebKit/537.36 (KHTML, like Gecko) Chrome/140.0.0.0 Safari/537.36 Edg/140.0.0.0', '2025-09-25 16:05:36');
INSERT INTO `tbl_audit_trail` (`id_audit`, `id_user`, `username`, `action`, `description`, `ip_address`, `user_agent`, `created_at`) VALUES ('73', '18', 'administrator', 'Hapus User', 'User dihapus: teszz_qc', '10.10.1.1', 'Mozilla/5.0 (Windows NT 10.0; Win64; x64) AppleWebKit/537.36 (KHTML, like Gecko) Chrome/140.0.0.0 Safari/537.36 Edg/140.0.0.0', '2025-09-26 08:45:26');
INSERT INTO `tbl_audit_trail` (`id_audit`, `id_user`, `username`, `action`, `description`, `ip_address`, `user_agent`, `created_at`) VALUES ('74', '18', 'administrator', 'Update User', 'User diperbarui: dwiky_qa', '10.10.1.1', 'Mozilla/5.0 (Windows NT 10.0; Win64; x64) AppleWebKit/537.36 (KHTML, like Gecko) Chrome/140.0.0.0 Safari/537.36 Edg/140.0.0.0', '2025-09-26 08:45:36');
INSERT INTO `tbl_audit_trail` (`id_audit`, `id_user`, `username`, `action`, `description`, `ip_address`, `user_agent`, `created_at`) VALUES ('75', '18', 'administrator', 'Update User', 'User diperbarui: dwiky_qa', '10.10.1.1', 'Mozilla/5.0 (Windows NT 10.0; Win64; x64) AppleWebKit/537.36 (KHTML, like Gecko) Chrome/140.0.0.0 Safari/537.36 Edg/140.0.0.0', '2025-09-26 08:45:45');
INSERT INTO `tbl_audit_trail` (`id_audit`, `id_user`, `username`, `action`, `description`, `ip_address`, `user_agent`, `created_at`) VALUES ('76', '18', 'administrator', 'Tambah User', 'User baru ditambahkan: hanin_rnd', '10.10.1.1', 'Mozilla/5.0 (Windows NT 10.0; Win64; x64) AppleWebKit/537.36 (KHTML, like Gecko) Chrome/140.0.0.0 Safari/537.36 Edg/140.0.0.0', '2025-09-26 08:46:57');
INSERT INTO `tbl_audit_trail` (`id_audit`, `id_user`, `username`, `action`, `description`, `ip_address`, `user_agent`, `created_at`) VALUES ('77', '18', 'administrator', 'Update User', 'User diperbarui: hanin_rnd', '10.10.1.1', 'Mozilla/5.0 (Windows NT 10.0; Win64; x64) AppleWebKit/537.36 (KHTML, like Gecko) Chrome/140.0.0.0 Safari/537.36 Edg/140.0.0.0', '2025-09-26 08:47:12');
INSERT INTO `tbl_audit_trail` (`id_audit`, `id_user`, `username`, `action`, `description`, `ip_address`, `user_agent`, `created_at`) VALUES ('78', '18', 'administrator', 'Hapus User', 'User dihapus: hanin_rnd', '10.10.1.1', 'Mozilla/5.0 (Windows NT 10.0; Win64; x64) AppleWebKit/537.36 (KHTML, like Gecko) Chrome/140.0.0.0 Safari/537.36 Edg/140.0.0.0', '2025-09-26 08:48:15');
INSERT INTO `tbl_audit_trail` (`id_audit`, `id_user`, `username`, `action`, `description`, `ip_address`, `user_agent`, `created_at`) VALUES ('79', '18', 'administrator', 'Tambah User', 'User baru ditambahkan: hanin_rnd', '10.10.1.1', 'Mozilla/5.0 (Windows NT 10.0; Win64; x64) AppleWebKit/537.36 (KHTML, like Gecko) Chrome/140.0.0.0 Safari/537.36 Edg/140.0.0.0', '2025-09-26 08:48:24');
INSERT INTO `tbl_audit_trail` (`id_audit`, `id_user`, `username`, `action`, `description`, `ip_address`, `user_agent`, `created_at`) VALUES ('80', '28', 'hanin_rnd', 'Upload Arsip', 'Arsip diupload: tes.pdf', '10.10.1.1', 'Mozilla/5.0 (Windows NT 10.0; Win64; x64) AppleWebKit/537.36 (KHTML, like Gecko) Chrome/140.0.0.0 Safari/537.36 Edg/140.0.0.0', '2025-09-26 08:50:08');
INSERT INTO `tbl_audit_trail` (`id_audit`, `id_user`, `username`, `action`, `description`, `ip_address`, `user_agent`, `created_at`) VALUES ('81', '28', 'hanin_rnd', 'Hapus Arsip', 'Arsip dihapus: tes.pdf', '10.10.1.1', 'Mozilla/5.0 (Windows NT 10.0; Win64; x64) AppleWebKit/537.36 (KHTML, like Gecko) Chrome/140.0.0.0 Safari/537.36 Edg/140.0.0.0', '2025-09-26 09:49:18');
INSERT INTO `tbl_audit_trail` (`id_audit`, `id_user`, `username`, `action`, `description`, `ip_address`, `user_agent`, `created_at`) VALUES ('82', '28', 'hanin_rnd', 'Upload Arsip', 'Arsip diupload: tes.pdf', '10.10.1.1', 'Mozilla/5.0 (Windows NT 10.0; Win64; x64) AppleWebKit/537.36 (KHTML, like Gecko) Chrome/140.0.0.0 Safari/537.36 Edg/140.0.0.0', '2025-09-26 09:49:29');
INSERT INTO `tbl_audit_trail` (`id_audit`, `id_user`, `username`, `action`, `description`, `ip_address`, `user_agent`, `created_at`) VALUES ('83', '28', 'hanin_rnd', 'Upload Arsip', 'Arsip diupload: tes2.pdf', '10.10.1.1', 'Mozilla/5.0 (Windows NT 10.0; Win64; x64) AppleWebKit/537.36 (KHTML, like Gecko) Chrome/140.0.0.0 Safari/537.36 Edg/140.0.0.0', '2025-09-26 09:56:51');
INSERT INTO `tbl_audit_trail` (`id_audit`, `id_user`, `username`, `action`, `description`, `ip_address`, `user_agent`, `created_at`) VALUES ('84', '28', 'hanin_rnd', 'Update Arsip', 'Data arsip diperbarui tanpa file baru: ID 47', '10.10.1.1', 'Mozilla/5.0 (Windows NT 10.0; Win64; x64) AppleWebKit/537.36 (KHTML, like Gecko) Chrome/140.0.0.0 Safari/537.36 Edg/140.0.0.0', '2025-09-26 13:32:48');
INSERT INTO `tbl_audit_trail` (`id_audit`, `id_user`, `username`, `action`, `description`, `ip_address`, `user_agent`, `created_at`) VALUES ('85', '28', 'hanin_rnd', 'Update Arsip', 'Data arsip diperbarui tanpa file baru: ID 47', '10.10.1.1', 'Mozilla/5.0 (Windows NT 10.0; Win64; x64) AppleWebKit/537.36 (KHTML, like Gecko) Chrome/140.0.0.0 Safari/537.36 Edg/140.0.0.0', '2025-09-26 13:32:52');
INSERT INTO `tbl_audit_trail` (`id_audit`, `id_user`, `username`, `action`, `description`, `ip_address`, `user_agent`, `created_at`) VALUES ('86', '18', 'administrator', 'Update Arsip', 'Data arsip diperbarui tanpa file baru: ID 47', '10.10.1.15', 'Mozilla/5.0 (Windows NT 10.0; Win64; x64) AppleWebKit/537.36 (KHTML, like Gecko) Chrome/140.0.0.0 Safari/537.36', '2025-09-26 14:10:20');
INSERT INTO `tbl_audit_trail` (`id_audit`, `id_user`, `username`, `action`, `description`, `ip_address`, `user_agent`, `created_at`) VALUES ('87', '18', 'administrator', 'Edit Departemen', 'Departemen diupdate: REG (ID: 11)', '10.10.1.3', 'Mozilla/5.0 (Windows NT 10.0; Win64; x64) AppleWebKit/537.36 (KHTML, like Gecko) Chrome/140.0.0.0 Safari/537.36', '2025-09-26 15:05:21');
INSERT INTO `tbl_audit_trail` (`id_audit`, `id_user`, `username`, `action`, `description`, `ip_address`, `user_agent`, `created_at`) VALUES ('92', '18', 'administrator', 'Update User', 'User diperbarui: dahniar_p3', '10.10.1.1', 'Mozilla/5.0 (Windows NT 10.0; Win64; x64) AppleWebKit/537.36 (KHTML, like Gecko) Chrome/140.0.0.0 Safari/537.36 Edg/140.0.0.0', '2025-09-27 09:09:58');
INSERT INTO `tbl_audit_trail` (`id_audit`, `id_user`, `username`, `action`, `description`, `ip_address`, `user_agent`, `created_at`) VALUES ('93', '29', 'tes_qc', 'Update Profile', 'User memperbarui profilnya sendiri: tes_qc', '10.10.1.1', 'Mozilla/5.0 (Windows NT 10.0; Win64; x64) AppleWebKit/537.36 (KHTML, like Gecko) Chrome/140.0.0.0 Safari/537.36 Edg/140.0.0.0', '2025-09-27 10:37:59');
INSERT INTO `tbl_audit_trail` (`id_audit`, `id_user`, `username`, `action`, `description`, `ip_address`, `user_agent`, `created_at`) VALUES ('94', '29', 'test', 'Update Profile', 'User memperbarui profilnya sendiri: test', '10.10.1.1', 'Mozilla/5.0 (Windows NT 10.0; Win64; x64) AppleWebKit/537.36 (KHTML, like Gecko) Chrome/140.0.0.0 Safari/537.36 Edg/140.0.0.0', '2025-09-27 11:05:16');
INSERT INTO `tbl_audit_trail` (`id_audit`, `id_user`, `username`, `action`, `description`, `ip_address`, `user_agent`, `created_at`) VALUES ('98', '18', 'administrator', 'Hapus Arsip', 'Arsip dihapus: ID 40', '10.10.1.3', 'Mozilla/5.0 (Windows NT 10.0; Win64; x64) AppleWebKit/537.36 (KHTML, like Gecko) Chrome/140.0.0.0 Safari/537.36', '2025-09-27 12:54:05');
INSERT INTO `tbl_audit_trail` (`id_audit`, `id_user`, `username`, `action`, `description`, `ip_address`, `user_agent`, `created_at`) VALUES ('100', '18', 'administrator', 'Update User', 'User diperbarui: ayu_qc', '10.10.1.1', 'Mozilla/5.0 (Windows NT 10.0; Win64; x64) AppleWebKit/537.36 (KHTML, like Gecko) Chrome/140.0.0.0 Safari/537.36 Edg/140.0.0.0', '2025-09-29 09:03:02');
INSERT INTO `tbl_audit_trail` (`id_audit`, `id_user`, `username`, `action`, `description`, `ip_address`, `user_agent`, `created_at`) VALUES ('101', '18', 'administrator', 'Hapus User', 'User dihapus: dahniar_p3', '10.10.1.1', 'Mozilla/5.0 (Windows NT 10.0; Win64; x64) AppleWebKit/537.36 (KHTML, like Gecko) Chrome/140.0.0.0 Safari/537.36 Edg/140.0.0.0', '2025-09-29 09:07:04');
INSERT INTO `tbl_audit_trail` (`id_audit`, `id_user`, `username`, `action`, `description`, `ip_address`, `user_agent`, `created_at`) VALUES ('102', '18', 'administrator', 'Hapus User', 'User dihapus: ayu_qc', '10.10.1.1', 'Mozilla/5.0 (Windows NT 10.0; Win64; x64) AppleWebKit/537.36 (KHTML, like Gecko) Chrome/140.0.0.0 Safari/537.36 Edg/140.0.0.0', '2025-09-29 09:07:06');
INSERT INTO `tbl_audit_trail` (`id_audit`, `id_user`, `username`, `action`, `description`, `ip_address`, `user_agent`, `created_at`) VALUES ('103', '18', 'administrator', 'Tambah User', 'User baru ditambahkan: ayu_qc', '10.10.1.1', 'Mozilla/5.0 (Windows NT 10.0; Win64; x64) AppleWebKit/537.36 (KHTML, like Gecko) Chrome/140.0.0.0 Safari/537.36 Edg/140.0.0.0', '2025-09-29 09:19:30');
INSERT INTO `tbl_audit_trail` (`id_audit`, `id_user`, `username`, `action`, `description`, `ip_address`, `user_agent`, `created_at`) VALUES ('108', '18', 'administrator', 'Hapus Arsip', 'Arsip dihapus: ID 40', '10.10.1.3', 'Mozilla/5.0 (Windows NT 10.0; Win64; x64) AppleWebKit/537.36 (KHTML, like Gecko) Chrome/140.0.0.0 Safari/537.36', '2025-09-29 09:35:31');
INSERT INTO `tbl_audit_trail` (`id_audit`, `id_user`, `username`, `action`, `description`, `ip_address`, `user_agent`, `created_at`) VALUES ('109', '18', 'administrator', 'Update User', 'User diperbarui: ayyu_qc', '10.10.1.1', 'Mozilla/5.0 (Windows NT 10.0; Win64; x64) AppleWebKit/537.36 (KHTML, like Gecko) Chrome/140.0.0.0 Safari/537.36 Edg/140.0.0.0', '2025-09-29 10:04:59');
INSERT INTO `tbl_audit_trail` (`id_audit`, `id_user`, `username`, `action`, `description`, `ip_address`, `user_agent`, `created_at`) VALUES ('110', '18', 'administrator', 'Hapus User', 'User dihapus: ayyu_qc', '10.10.1.1', 'Mozilla/5.0 (Windows NT 10.0; Win64; x64) AppleWebKit/537.36 (KHTML, like Gecko) Chrome/140.0.0.0 Safari/537.36 Edg/140.0.0.0', '2025-09-29 10:05:36');
INSERT INTO `tbl_audit_trail` (`id_audit`, `id_user`, `username`, `action`, `description`, `ip_address`, `user_agent`, `created_at`) VALUES ('111', '18', 'administrator', 'Tambah User', 'User baru ditambahkan: ayu_qc', '10.10.1.1', 'Mozilla/5.0 (Windows NT 10.0; Win64; x64) AppleWebKit/537.36 (KHTML, like Gecko) Chrome/140.0.0.0 Safari/537.36 Edg/140.0.0.0', '2025-09-29 10:05:47');
INSERT INTO `tbl_audit_trail` (`id_audit`, `id_user`, `username`, `action`, `description`, `ip_address`, `user_agent`, `created_at`) VALUES ('113', '18', 'administrator_qc', 'Update Profile', 'User memperbarui profilnya sendiri: administrator_qc', '10.10.1.1', 'Mozilla/5.0 (Windows NT 10.0; Win64; x64) AppleWebKit/537.36 (KHTML, like Gecko) Chrome/140.0.0.0 Safari/537.36 Edg/140.0.0.0', '2025-09-29 10:18:28');
INSERT INTO `tbl_audit_trail` (`id_audit`, `id_user`, `username`, `action`, `description`, `ip_address`, `user_agent`, `created_at`) VALUES ('115', '18', 'administrator', 'Upload Arsip', 'Arsip diupload: dwa.png', '10.10.1.3', 'Mozilla/5.0 (Windows NT 10.0; Win64; x64) AppleWebKit/537.36 (KHTML, like Gecko) Chrome/140.0.0.0 Safari/537.36', '2025-09-29 10:26:59');
INSERT INTO `tbl_audit_trail` (`id_audit`, `id_user`, `username`, `action`, `description`, `ip_address`, `user_agent`, `created_at`) VALUES ('116', '18', 'administrator', 'Upload Arsip', 'Arsip diupload: aaaaaaafwe.png', '10.10.1.3', 'Mozilla/5.0 (Windows NT 10.0; Win64; x64) AppleWebKit/537.36 (KHTML, like Gecko) Chrome/140.0.0.0 Safari/537.36', '2025-09-29 10:28:17');
INSERT INTO `tbl_audit_trail` (`id_audit`, `id_user`, `username`, `action`, `description`, `ip_address`, `user_agent`, `created_at`) VALUES ('117', '18', 'administrator', 'Upload Arsip', 'Arsip diupload: dwefr.png', '10.10.1.3', 'Mozilla/5.0 (Windows NT 10.0; Win64; x64) AppleWebKit/537.36 (KHTML, like Gecko) Chrome/140.0.0.0 Safari/537.36', '2025-09-29 10:31:19');
INSERT INTO `tbl_audit_trail` (`id_audit`, `id_user`, `username`, `action`, `description`, `ip_address`, `user_agent`, `created_at`) VALUES ('118', '18', 'administrator', 'Update User', 'User diperbarui: ayu_qc', '10.10.1.1', 'Mozilla/5.0 (Windows NT 10.0; Win64; x64) AppleWebKit/537.36 (KHTML, like Gecko) Chrome/140.0.0.0 Safari/537.36 Edg/140.0.0.0', '2025-09-29 10:31:54');
INSERT INTO `tbl_audit_trail` (`id_audit`, `id_user`, `username`, `action`, `description`, `ip_address`, `user_agent`, `created_at`) VALUES ('119', '18', 'administrator', 'Update User', 'User diperbarui: ayu', '10.10.1.1', 'Mozilla/5.0 (Windows NT 10.0; Win64; x64) AppleWebKit/537.36 (KHTML, like Gecko) Chrome/140.0.0.0 Safari/537.36 Edg/140.0.0.0', '2025-09-29 10:31:59');
INSERT INTO `tbl_audit_trail` (`id_audit`, `id_user`, `username`, `action`, `description`, `ip_address`, `user_agent`, `created_at`) VALUES ('120', '18', 'administrator', 'Hapus User', 'User dihapus: ayu', '10.10.1.1', 'Mozilla/5.0 (Windows NT 10.0; Win64; x64) AppleWebKit/537.36 (KHTML, like Gecko) Chrome/140.0.0.0 Safari/537.36 Edg/140.0.0.0', '2025-09-29 10:32:03');
INSERT INTO `tbl_audit_trail` (`id_audit`, `id_user`, `username`, `action`, `description`, `ip_address`, `user_agent`, `created_at`) VALUES ('121', '18', 'administrator', 'Tambah User', 'User baru ditambahkan: ayu_qc', '10.10.1.1', 'Mozilla/5.0 (Windows NT 10.0; Win64; x64) AppleWebKit/537.36 (KHTML, like Gecko) Chrome/140.0.0.0 Safari/537.36 Edg/140.0.0.0', '2025-09-29 10:32:38');
INSERT INTO `tbl_audit_trail` (`id_audit`, `id_user`, `username`, `action`, `description`, `ip_address`, `user_agent`, `created_at`) VALUES ('122', '18', 'administrator', 'Upload Arsip', 'Arsip diupload: deefw.png', '10.10.1.3', 'Mozilla/5.0 (Windows NT 10.0; Win64; x64) AppleWebKit/537.36 (KHTML, like Gecko) Chrome/140.0.0.0 Safari/537.36', '2025-09-29 10:33:24');
INSERT INTO `tbl_audit_trail` (`id_audit`, `id_user`, `username`, `action`, `description`, `ip_address`, `user_agent`, `created_at`) VALUES ('123', '18', 'administrator', 'Update User', 'User diperbarui: ayu_qc', '10.10.1.1', 'Mozilla/5.0 (Windows NT 10.0; Win64; x64) AppleWebKit/537.36 (KHTML, like Gecko) Chrome/140.0.0.0 Safari/537.36 Edg/140.0.0.0', '2025-09-29 10:35:54');
INSERT INTO `tbl_audit_trail` (`id_audit`, `id_user`, `username`, `action`, `description`, `ip_address`, `user_agent`, `created_at`) VALUES ('124', '18', 'administrator', 'Update User', 'User diperbarui: dini_qa', '10.10.1.1', 'Mozilla/5.0 (Windows NT 10.0; Win64; x64) AppleWebKit/537.36 (KHTML, like Gecko) Chrome/140.0.0.0 Safari/537.36 Edg/140.0.0.0', '2025-09-29 10:49:04');
INSERT INTO `tbl_audit_trail` (`id_audit`, `id_user`, `username`, `action`, `description`, `ip_address`, `user_agent`, `created_at`) VALUES ('125', '18', 'administrator', 'Update User', 'User diperbarui: ayu_qc', '10.10.1.1', 'Mozilla/5.0 (Windows NT 10.0; Win64; x64) AppleWebKit/537.36 (KHTML, like Gecko) Chrome/140.0.0.0 Safari/537.36 Edg/140.0.0.0', '2025-09-29 10:49:24');
INSERT INTO `tbl_audit_trail` (`id_audit`, `id_user`, `username`, `action`, `description`, `ip_address`, `user_agent`, `created_at`) VALUES ('126', '18', 'administrator', 'Hapus User', 'User dihapus: ayu_qc', '10.10.1.1', 'Mozilla/5.0 (Windows NT 10.0; Win64; x64) AppleWebKit/537.36 (KHTML, like Gecko) Chrome/140.0.0.0 Safari/537.36 Edg/140.0.0.0', '2025-09-29 10:49:28');
INSERT INTO `tbl_audit_trail` (`id_audit`, `id_user`, `username`, `action`, `description`, `ip_address`, `user_agent`, `created_at`) VALUES ('127', '18', 'administrator', 'Tambah Departemen', 'Departemen baru ditambahkan: SEFA', '10.10.1.1', 'Mozilla/5.0 (Windows NT 10.0; Win64; x64) AppleWebKit/537.36 (KHTML, like Gecko) Chrome/140.0.0.0 Safari/537.36 Edg/140.0.0.0', '2025-09-29 10:49:44');
INSERT INTO `tbl_audit_trail` (`id_audit`, `id_user`, `username`, `action`, `description`, `ip_address`, `user_agent`, `created_at`) VALUES ('128', '18', 'administrator', 'Tambah User', 'User baru ditambahkan: ayu_qc', '10.10.1.1', 'Mozilla/5.0 (Windows NT 10.0; Win64; x64) AppleWebKit/537.36 (KHTML, like Gecko) Chrome/140.0.0.0 Safari/537.36 Edg/140.0.0.0', '2025-09-29 10:57:54');
INSERT INTO `tbl_audit_trail` (`id_audit`, `id_user`, `username`, `action`, `description`, `ip_address`, `user_agent`, `created_at`) VALUES ('129', '18', 'administrator', 'Tambah Kategori', 'Kategori baru ditambahkan: tes1 (Departemen: 0)', '10.10.1.1', 'Mozilla/5.0 (Windows NT 10.0; Win64; x64) AppleWebKit/537.36 (KHTML, like Gecko) Chrome/140.0.0.0 Safari/537.36 Edg/140.0.0.0', '2025-09-29 11:13:11');
INSERT INTO `tbl_audit_trail` (`id_audit`, `id_user`, `username`, `action`, `description`, `ip_address`, `user_agent`, `created_at`) VALUES ('130', '18', 'administrator', 'Tambah Kategori', 'Kategori baru ditambahkan: tes2 (Departemen: 0)', '10.10.1.1', 'Mozilla/5.0 (Windows NT 10.0; Win64; x64) AppleWebKit/537.36 (KHTML, like Gecko) Chrome/140.0.0.0 Safari/537.36 Edg/140.0.0.0', '2025-09-29 11:13:24');
INSERT INTO `tbl_audit_trail` (`id_audit`, `id_user`, `username`, `action`, `description`, `ip_address`, `user_agent`, `created_at`) VALUES ('131', '18', 'administrator', 'Tambah Kategori', 'Kategori baru ditambahkan: gheh (Departemen: 9)', '10.10.1.3', 'Mozilla/5.0 (Windows NT 10.0; Win64; x64) AppleWebKit/537.36 (KHTML, like Gecko) Chrome/140.0.0.0 Safari/537.36', '2025-09-29 11:15:51');
INSERT INTO `tbl_audit_trail` (`id_audit`, `id_user`, `username`, `action`, `description`, `ip_address`, `user_agent`, `created_at`) VALUES ('132', '18', 'administrator', 'Tambah Kategori', 'Kategori baru ditambahkan: ht6i7 (Departemen: 10)', '10.10.1.3', 'Mozilla/5.0 (Windows NT 10.0; Win64; x64) AppleWebKit/537.36 (KHTML, like Gecko) Chrome/140.0.0.0 Safari/537.36', '2025-09-29 11:15:59');
INSERT INTO `tbl_audit_trail` (`id_audit`, `id_user`, `username`, `action`, `description`, `ip_address`, `user_agent`, `created_at`) VALUES ('133', '18', 'administrator', 'Tambah Kategori', 'Kategori baru ditambahkan: hendra (Departemen: 25)', '10.10.1.3', 'Mozilla/5.0 (Windows NT 10.0; Win64; x64) AppleWebKit/537.36 (KHTML, like Gecko) Chrome/140.0.0.0 Safari/537.36', '2025-09-29 11:16:24');
INSERT INTO `tbl_audit_trail` (`id_audit`, `id_user`, `username`, `action`, `description`, `ip_address`, `user_agent`, `created_at`) VALUES ('134', '18', 'administrator', 'Tambah Kategori', 'Kategori baru ditambahkan: tes3 (Departemen: 10)', '10.10.1.1', 'Mozilla/5.0 (Windows NT 10.0; Win64; x64) AppleWebKit/537.36 (KHTML, like Gecko) Chrome/140.0.0.0 Safari/537.36 Edg/140.0.0.0', '2025-09-29 11:16:27');
INSERT INTO `tbl_audit_trail` (`id_audit`, `id_user`, `username`, `action`, `description`, `ip_address`, `user_agent`, `created_at`) VALUES ('135', '18', 'administrator', 'Tambah Kategori', 'Kategori baru ditambahkan: Penagihan (Departemen: 9)', '10.10.1.3', 'Mozilla/5.0 (Windows NT 10.0; Win64; x64) AppleWebKit/537.36 (KHTML, like Gecko) Chrome/140.0.0.0 Safari/537.36', '2025-09-29 11:47:13');
INSERT INTO `tbl_audit_trail` (`id_audit`, `id_user`, `username`, `action`, `description`, `ip_address`, `user_agent`, `created_at`) VALUES ('136', '18', 'administrator', 'Tambah User', 'User baru ditambahkan: nike_qc', '10.10.1.3', 'Mozilla/5.0 (Windows NT 10.0; Win64; x64) AppleWebKit/537.36 (KHTML, like Gecko) Chrome/140.0.0.0 Safari/537.36', '2025-09-29 11:48:05');
INSERT INTO `tbl_audit_trail` (`id_audit`, `id_user`, `username`, `action`, `description`, `ip_address`, `user_agent`, `created_at`) VALUES ('137', '18', 'administrator', 'Hapus User', 'User dihapus: nike_qc', '10.10.1.3', 'Mozilla/5.0 (Windows NT 10.0; Win64; x64) AppleWebKit/537.36 (KHTML, like Gecko) Chrome/140.0.0.0 Safari/537.36', '2025-09-29 11:48:14');
INSERT INTO `tbl_audit_trail` (`id_audit`, `id_user`, `username`, `action`, `description`, `ip_address`, `user_agent`, `created_at`) VALUES ('138', '18', 'administrator', 'Upload Arsip', 'Arsip diupload: fwe.png', '10.10.1.3', 'Mozilla/5.0 (Windows NT 10.0; Win64; x64) AppleWebKit/537.36 (KHTML, like Gecko) Chrome/140.0.0.0 Safari/537.36', '2025-09-29 13:10:41');
INSERT INTO `tbl_audit_trail` (`id_audit`, `id_user`, `username`, `action`, `description`, `ip_address`, `user_agent`, `created_at`) VALUES ('140', '18', 'administrator', 'Hapus User', 'User dihapus: ayu_qc', '10.10.1.1', 'Mozilla/5.0 (Windows NT 10.0; Win64; x64) AppleWebKit/537.36 (KHTML, like Gecko) Chrome/140.0.0.0 Safari/537.36 Edg/140.0.0.0', '2025-09-29 13:29:43');
INSERT INTO `tbl_audit_trail` (`id_audit`, `id_user`, `username`, `action`, `description`, `ip_address`, `user_agent`, `created_at`) VALUES ('143', '18', 'administrator', 'Hapus User', 'User dihapus: dini_qa', '10.10.1.1', 'Mozilla/5.0 (Windows NT 10.0; Win64; x64) AppleWebKit/537.36 (KHTML, like Gecko) Chrome/140.0.0.0 Safari/537.36 Edg/140.0.0.0', '2025-09-29 13:36:51');
INSERT INTO `tbl_audit_trail` (`id_audit`, `id_user`, `username`, `action`, `description`, `ip_address`, `user_agent`, `created_at`) VALUES ('144', '18', 'administrator', 'Tambah User', 'User baru ditambahkan: ayu_qc', '10.10.1.1', 'Mozilla/5.0 (Windows NT 10.0; Win64; x64) AppleWebKit/537.36 (KHTML, like Gecko) Chrome/140.0.0.0 Safari/537.36 Edg/140.0.0.0', '2025-09-29 14:12:05');
INSERT INTO `tbl_audit_trail` (`id_audit`, `id_user`, `username`, `action`, `description`, `ip_address`, `user_agent`, `created_at`) VALUES ('145', '18', 'administrator', 'Upload Arsip', 'Arsip diupload: dewd.png', '10.10.1.3', 'Mozilla/5.0 (Windows NT 10.0; Win64; x64) AppleWebKit/537.36 (KHTML, like Gecko) Chrome/140.0.0.0 Safari/537.36', '2025-09-29 14:44:39');
INSERT INTO `tbl_audit_trail` (`id_audit`, `id_user`, `username`, `action`, `description`, `ip_address`, `user_agent`, `created_at`) VALUES ('146', '18', 'administrator', 'Upload Arsip', 'Arsip diupload: dweq.png', '10.10.1.3', 'Mozilla/5.0 (Windows NT 10.0; Win64; x64) AppleWebKit/537.36 (KHTML, like Gecko) Chrome/140.0.0.0 Safari/537.36', '2025-09-29 14:45:24');
INSERT INTO `tbl_audit_trail` (`id_audit`, `id_user`, `username`, `action`, `description`, `ip_address`, `user_agent`, `created_at`) VALUES ('147', '18', 'administrator', 'Upload Arsip', 'Arsip diupload: das.png', '10.10.1.3', 'Mozilla/5.0 (Windows NT 10.0; Win64; x64) AppleWebKit/537.36 (KHTML, like Gecko) Chrome/140.0.0.0 Safari/537.36', '2025-09-29 14:47:16');
INSERT INTO `tbl_audit_trail` (`id_audit`, `id_user`, `username`, `action`, `description`, `ip_address`, `user_agent`, `created_at`) VALUES ('148', '18', 'administrator', 'Update User', 'User diperbarui: dwiky_qa', '10.10.1.1', 'Mozilla/5.0 (Windows NT 10.0; Win64; x64) AppleWebKit/537.36 (KHTML, like Gecko) Chrome/140.0.0.0 Safari/537.36 Edg/140.0.0.0', '2025-09-29 14:48:27');
INSERT INTO `tbl_audit_trail` (`id_audit`, `id_user`, `username`, `action`, `description`, `ip_address`, `user_agent`, `created_at`) VALUES ('150', '18', 'administrator', 'Hapus User', 'User dihapus: dwiky_qa', '10.10.1.1', 'Mozilla/5.0 (Windows NT 10.0; Win64; x64) AppleWebKit/537.36 (KHTML, like Gecko) Chrome/140.0.0.0 Safari/537.36 Edg/140.0.0.0', '2025-09-29 14:53:28');
INSERT INTO `tbl_audit_trail` (`id_audit`, `id_user`, `username`, `action`, `description`, `ip_address`, `user_agent`, `created_at`) VALUES ('151', '18', 'administrator', 'Upload Arsip', 'Arsip diupload: geghy.jpg', '10.10.1.3', 'Mozilla/5.0 (Windows NT 10.0; Win64; x64) AppleWebKit/537.36 (KHTML, like Gecko) Chrome/140.0.0.0 Safari/537.36', '2025-09-29 14:58:08');
INSERT INTO `tbl_audit_trail` (`id_audit`, `id_user`, `username`, `action`, `description`, `ip_address`, `user_agent`, `created_at`) VALUES ('152', '18', 'administrator', 'Hapus Arsip', 'Arsip dihapus: tes22.pdf', '10.10.1.1', 'Mozilla/5.0 (Windows NT 10.0; Win64; x64) AppleWebKit/537.36 (KHTML, like Gecko) Chrome/140.0.0.0 Safari/537.36 Edg/140.0.0.0', '2025-09-29 15:22:45');
INSERT INTO `tbl_audit_trail` (`id_audit`, `id_user`, `username`, `action`, `description`, `ip_address`, `user_agent`, `created_at`) VALUES ('153', '18', 'administrator', 'Hapus Arsip', 'Arsip dihapus: tes.pdf', '10.10.1.1', 'Mozilla/5.0 (Windows NT 10.0; Win64; x64) AppleWebKit/537.36 (KHTML, like Gecko) Chrome/140.0.0.0 Safari/537.36 Edg/140.0.0.0', '2025-09-29 15:22:48');
INSERT INTO `tbl_audit_trail` (`id_audit`, `id_user`, `username`, `action`, `description`, `ip_address`, `user_agent`, `created_at`) VALUES ('154', '18', 'administrator', 'Hapus Arsip', 'Arsip dihapus: tes.pdf', '10.10.1.1', 'Mozilla/5.0 (Windows NT 10.0; Win64; x64) AppleWebKit/537.36 (KHTML, like Gecko) Chrome/140.0.0.0 Safari/537.36 Edg/140.0.0.0', '2025-09-29 15:22:50');
INSERT INTO `tbl_audit_trail` (`id_audit`, `id_user`, `username`, `action`, `description`, `ip_address`, `user_agent`, `created_at`) VALUES ('155', '18', 'administrator', 'Upload Arsip', 'Arsip diupload: dwv.png', '10.10.1.3', 'Mozilla/5.0 (Windows NT 10.0; Win64; x64) AppleWebKit/537.36 (KHTML, like Gecko) Chrome/140.0.0.0 Safari/537.36', '2025-09-29 15:23:24');
INSERT INTO `tbl_audit_trail` (`id_audit`, `id_user`, `username`, `action`, `description`, `ip_address`, `user_agent`, `created_at`) VALUES ('156', '18', 'administrator', 'Tambah User', 'User baru ditambahkan: 1111_qc', '10.10.1.1', 'Mozilla/5.0 (Windows NT 10.0; Win64; x64) AppleWebKit/537.36 (KHTML, like Gecko) Chrome/140.0.0.0 Safari/537.36 Edg/140.0.0.0', '2025-09-29 15:23:48');
INSERT INTO `tbl_audit_trail` (`id_audit`, `id_user`, `username`, `action`, `description`, `ip_address`, `user_agent`, `created_at`) VALUES ('157', '18', 'administrator', 'Update Arsip', 'Data arsip diperbarui tanpa file baru: ID 60', '10.10.1.3', 'Mozilla/5.0 (Windows NT 10.0; Win64; x64) AppleWebKit/537.36 (KHTML, like Gecko) Chrome/140.0.0.0 Safari/537.36', '2025-09-29 15:23:53');
INSERT INTO `tbl_audit_trail` (`id_audit`, `id_user`, `username`, `action`, `description`, `ip_address`, `user_agent`, `created_at`) VALUES ('158', '18', 'administrator', 'Update Arsip', 'Data arsip diperbarui tanpa file baru: ID 60', '10.10.1.3', 'Mozilla/5.0 (Windows NT 10.0; Win64; x64) AppleWebKit/537.36 (KHTML, like Gecko) Chrome/140.0.0.0 Safari/537.36', '2025-09-29 15:24:16');
INSERT INTO `tbl_audit_trail` (`id_audit`, `id_user`, `username`, `action`, `description`, `ip_address`, `user_agent`, `created_at`) VALUES ('160', '18', 'administrator', 'Hapus User', 'User dihapus: 1111_qc', '10.10.1.1', 'Mozilla/5.0 (Windows NT 10.0; Win64; x64) AppleWebKit/537.36 (KHTML, like Gecko) Chrome/140.0.0.0 Safari/537.36 Edg/140.0.0.0', '2025-09-29 15:25:00');
INSERT INTO `tbl_audit_trail` (`id_audit`, `id_user`, `username`, `action`, `description`, `ip_address`, `user_agent`, `created_at`) VALUES ('161', '18', 'administrator', 'Upload Arsip', 'Arsip diupload: fefs.png', '10.10.1.3', 'Mozilla/5.0 (Windows NT 10.0; Win64; x64) AppleWebKit/537.36 (KHTML, like Gecko) Chrome/140.0.0.0 Safari/537.36', '2025-09-29 15:26:53');
INSERT INTO `tbl_audit_trail` (`id_audit`, `id_user`, `username`, `action`, `description`, `ip_address`, `user_agent`, `created_at`) VALUES ('162', '18', 'administrator', 'Tambah User', 'User baru ditambahkan: 333_qc', '10.10.1.1', 'Mozilla/5.0 (Windows NT 10.0; Win64; x64) AppleWebKit/537.36 (KHTML, like Gecko) Chrome/140.0.0.0 Safari/537.36 Edg/140.0.0.0', '2025-09-29 15:27:52');
INSERT INTO `tbl_audit_trail` (`id_audit`, `id_user`, `username`, `action`, `description`, `ip_address`, `user_agent`, `created_at`) VALUES ('164', '18', 'administrator', 'Hapus User', 'User dihapus: 333_qc', '10.10.1.1', 'Mozilla/5.0 (Windows NT 10.0; Win64; x64) AppleWebKit/537.36 (KHTML, like Gecko) Chrome/140.0.0.0 Safari/537.36 Edg/140.0.0.0', '2025-09-29 15:47:52');
INSERT INTO `tbl_audit_trail` (`id_audit`, `id_user`, `username`, `action`, `description`, `ip_address`, `user_agent`, `created_at`) VALUES ('165', '18', 'administrator', 'Hapus Arsip', 'Arsip dihapus: 123.pdf', '10.10.1.1', 'Mozilla/5.0 (Windows NT 10.0; Win64; x64) AppleWebKit/537.36 (KHTML, like Gecko) Chrome/140.0.0.0 Safari/537.36 Edg/140.0.0.0', '2025-09-29 15:53:47');
INSERT INTO `tbl_audit_trail` (`id_audit`, `id_user`, `username`, `action`, `description`, `ip_address`, `user_agent`, `created_at`) VALUES ('166', '18', 'administrator', 'Hapus Arsip', 'Arsip dihapus: fefs.png', '10.10.1.1', 'Mozilla/5.0 (Windows NT 10.0; Win64; x64) AppleWebKit/537.36 (KHTML, like Gecko) Chrome/140.0.0.0 Safari/537.36 Edg/140.0.0.0', '2025-09-29 15:53:53');
INSERT INTO `tbl_audit_trail` (`id_audit`, `id_user`, `username`, `action`, `description`, `ip_address`, `user_agent`, `created_at`) VALUES ('167', '18', 'administrator', 'Upload Arsip', 'Arsip diupload: fsfsafr.jpg', '10.10.1.3', 'Mozilla/5.0 (Windows NT 10.0; Win64; x64) AppleWebKit/537.36 (KHTML, like Gecko) Chrome/140.0.0.0 Safari/537.36', '2025-09-29 15:56:13');
INSERT INTO `tbl_audit_trail` (`id_audit`, `id_user`, `username`, `action`, `description`, `ip_address`, `user_agent`, `created_at`) VALUES ('168', '35', 'ayu_qc', 'Upload Arsip', 'Arsip diupload: 123.pdf', '10.10.1.1', 'Mozilla/5.0 (Windows NT 10.0; Win64; x64) AppleWebKit/537.36 (KHTML, like Gecko) Chrome/140.0.0.0 Safari/537.36 Edg/140.0.0.0', '2025-09-29 15:58:54');
INSERT INTO `tbl_audit_trail` (`id_audit`, `id_user`, `username`, `action`, `description`, `ip_address`, `user_agent`, `created_at`) VALUES ('169', '18', 'administrator', 'Upload Arsip', 'Arsip diupload: klasifikasi.png', '10.10.1.3', 'Mozilla/5.0 (Windows NT 10.0; Win64; x64) AppleWebKit/537.36 (KHTML, like Gecko) Chrome/140.0.0.0 Safari/537.36', '2025-09-30 09:01:29');
INSERT INTO `tbl_audit_trail` (`id_audit`, `id_user`, `username`, `action`, `description`, `ip_address`, `user_agent`, `created_at`) VALUES ('170', '18', 'administrator', 'Upload Arsip', 'Arsip diupload: ewffaddfd.png', '10.10.1.3', 'Mozilla/5.0 (Windows NT 10.0; Win64; x64) AppleWebKit/537.36 (KHTML, like Gecko) Chrome/140.0.0.0 Safari/537.36', '2025-09-30 09:12:25');
INSERT INTO `tbl_audit_trail` (`id_audit`, `id_user`, `username`, `action`, `description`, `ip_address`, `user_agent`, `created_at`) VALUES ('171', '18', 'administrator', 'Upload Arsip', 'Arsip diupload: 4gvasgf.png', '10.10.1.3', 'Mozilla/5.0 (Windows NT 10.0; Win64; x64) AppleWebKit/537.36 (KHTML, like Gecko) Chrome/140.0.0.0 Safari/537.36', '2025-09-30 09:15:34');
INSERT INTO `tbl_audit_trail` (`id_audit`, `id_user`, `username`, `action`, `description`, `ip_address`, `user_agent`, `created_at`) VALUES ('172', '18', 'administrator', 'Hapus Arsip', 'Arsip dihapus: 4gvasgf.png', '10.10.1.3', 'Mozilla/5.0 (Windows NT 10.0; Win64; x64) AppleWebKit/537.36 (KHTML, like Gecko) Chrome/140.0.0.0 Safari/537.36', '2025-09-30 09:19:03');
INSERT INTO `tbl_audit_trail` (`id_audit`, `id_user`, `username`, `action`, `description`, `ip_address`, `user_agent`, `created_at`) VALUES ('173', '18', 'administrator', 'Hapus Arsip', 'Arsip dihapus: ewffaddfd.png', '10.10.1.3', 'Mozilla/5.0 (Windows NT 10.0; Win64; x64) AppleWebKit/537.36 (KHTML, like Gecko) Chrome/140.0.0.0 Safari/537.36', '2025-09-30 09:19:05');
INSERT INTO `tbl_audit_trail` (`id_audit`, `id_user`, `username`, `action`, `description`, `ip_address`, `user_agent`, `created_at`) VALUES ('174', '18', 'administrator', 'Hapus Arsip', 'Arsip dihapus: klasifikasi.png', '10.10.1.3', 'Mozilla/5.0 (Windows NT 10.0; Win64; x64) AppleWebKit/537.36 (KHTML, like Gecko) Chrome/140.0.0.0 Safari/537.36', '2025-09-30 09:19:07');
INSERT INTO `tbl_audit_trail` (`id_audit`, `id_user`, `username`, `action`, `description`, `ip_address`, `user_agent`, `created_at`) VALUES ('175', '18', 'administrator', 'Hapus Arsip', 'Arsip dihapus: 123.pdf', '10.10.1.3', 'Mozilla/5.0 (Windows NT 10.0; Win64; x64) AppleWebKit/537.36 (KHTML, like Gecko) Chrome/140.0.0.0 Safari/537.36', '2025-09-30 09:19:09');
INSERT INTO `tbl_audit_trail` (`id_audit`, `id_user`, `username`, `action`, `description`, `ip_address`, `user_agent`, `created_at`) VALUES ('176', '18', 'administrator', 'Hapus Arsip', 'Arsip dihapus: fsfsafr.jpg', '10.10.1.3', 'Mozilla/5.0 (Windows NT 10.0; Win64; x64) AppleWebKit/537.36 (KHTML, like Gecko) Chrome/140.0.0.0 Safari/537.36', '2025-09-30 09:19:11');
INSERT INTO `tbl_audit_trail` (`id_audit`, `id_user`, `username`, `action`, `description`, `ip_address`, `user_agent`, `created_at`) VALUES ('177', '18', 'administrator', 'Hapus Arsip', 'Arsip dihapus: 123123.pdf', '10.10.1.3', 'Mozilla/5.0 (Windows NT 10.0; Win64; x64) AppleWebKit/537.36 (KHTML, like Gecko) Chrome/140.0.0.0 Safari/537.36', '2025-09-30 09:27:03');
INSERT INTO `tbl_audit_trail` (`id_audit`, `id_user`, `username`, `action`, `description`, `ip_address`, `user_agent`, `created_at`) VALUES ('178', '18', 'administrator', 'Hapus Arsip', 'Arsip dihapus: dwv.png', '10.10.1.3', 'Mozilla/5.0 (Windows NT 10.0; Win64; x64) AppleWebKit/537.36 (KHTML, like Gecko) Chrome/140.0.0.0 Safari/537.36', '2025-09-30 09:27:06');
INSERT INTO `tbl_audit_trail` (`id_audit`, `id_user`, `username`, `action`, `description`, `ip_address`, `user_agent`, `created_at`) VALUES ('179', '18', 'administrator', 'Hapus Arsip', 'Arsip dihapus: geghy.jpg', '10.10.1.3', 'Mozilla/5.0 (Windows NT 10.0; Win64; x64) AppleWebKit/537.36 (KHTML, like Gecko) Chrome/140.0.0.0 Safari/537.36', '2025-09-30 09:27:08');
INSERT INTO `tbl_audit_trail` (`id_audit`, `id_user`, `username`, `action`, `description`, `ip_address`, `user_agent`, `created_at`) VALUES ('180', '18', 'administrator', 'Hapus Arsip', 'Arsip dihapus: das.png', '10.10.1.3', 'Mozilla/5.0 (Windows NT 10.0; Win64; x64) AppleWebKit/537.36 (KHTML, like Gecko) Chrome/140.0.0.0 Safari/537.36', '2025-09-30 09:27:10');
INSERT INTO `tbl_audit_trail` (`id_audit`, `id_user`, `username`, `action`, `description`, `ip_address`, `user_agent`, `created_at`) VALUES ('181', '18', 'administrator', 'Hapus Arsip', 'Arsip dihapus: dweq.png', '10.10.1.3', 'Mozilla/5.0 (Windows NT 10.0; Win64; x64) AppleWebKit/537.36 (KHTML, like Gecko) Chrome/140.0.0.0 Safari/537.36', '2025-09-30 09:27:12');
INSERT INTO `tbl_audit_trail` (`id_audit`, `id_user`, `username`, `action`, `description`, `ip_address`, `user_agent`, `created_at`) VALUES ('182', '18', 'administrator', 'Hapus Arsip', 'Arsip dihapus: dewd.png', '10.10.1.3', 'Mozilla/5.0 (Windows NT 10.0; Win64; x64) AppleWebKit/537.36 (KHTML, like Gecko) Chrome/140.0.0.0 Safari/537.36', '2025-09-30 09:27:14');
INSERT INTO `tbl_audit_trail` (`id_audit`, `id_user`, `username`, `action`, `description`, `ip_address`, `user_agent`, `created_at`) VALUES ('183', '18', 'administrator', 'Hapus Arsip', 'Arsip dihapus: fwe.png', '10.10.1.3', 'Mozilla/5.0 (Windows NT 10.0; Win64; x64) AppleWebKit/537.36 (KHTML, like Gecko) Chrome/140.0.0.0 Safari/537.36', '2025-09-30 09:27:16');
INSERT INTO `tbl_audit_trail` (`id_audit`, `id_user`, `username`, `action`, `description`, `ip_address`, `user_agent`, `created_at`) VALUES ('184', '18', 'administrator', 'Upload Arsip', 'Arsip diupload: tes1.png', '10.10.1.3', 'Mozilla/5.0 (Windows NT 10.0; Win64; x64) AppleWebKit/537.36 (KHTML, like Gecko) Chrome/140.0.0.0 Safari/537.36', '2025-09-30 09:27:47');
INSERT INTO `tbl_audit_trail` (`id_audit`, `id_user`, `username`, `action`, `description`, `ip_address`, `user_agent`, `created_at`) VALUES ('185', '18', 'administrator', 'Upload Arsip', 'Arsip diupload: tes2.png', '10.10.1.3', 'Mozilla/5.0 (Windows NT 10.0; Win64; x64) AppleWebKit/537.36 (KHTML, like Gecko) Chrome/140.0.0.0 Safari/537.36', '2025-09-30 09:28:18');
INSERT INTO `tbl_audit_trail` (`id_audit`, `id_user`, `username`, `action`, `description`, `ip_address`, `user_agent`, `created_at`) VALUES ('186', '18', 'administrator', 'Upload Arsip', 'Arsip diupload: tes3.png', '10.10.1.3', 'Mozilla/5.0 (Windows NT 10.0; Win64; x64) AppleWebKit/537.36 (KHTML, like Gecko) Chrome/140.0.0.0 Safari/537.36', '2025-09-30 09:28:39');
INSERT INTO `tbl_audit_trail` (`id_audit`, `id_user`, `username`, `action`, `description`, `ip_address`, `user_agent`, `created_at`) VALUES ('187', '18', 'administrator', 'Upload Arsip', 'Arsip diupload: tes4.png', '10.10.1.3', 'Mozilla/5.0 (Windows NT 10.0; Win64; x64) AppleWebKit/537.36 (KHTML, like Gecko) Chrome/140.0.0.0 Safari/537.36', '2025-09-30 09:41:16');
INSERT INTO `tbl_audit_trail` (`id_audit`, `id_user`, `username`, `action`, `description`, `ip_address`, `user_agent`, `created_at`) VALUES ('188', '18', 'administrator', 'Update Arsip', 'Data arsip diperbarui tanpa file baru: ID 72', '10.10.1.3', 'Mozilla/5.0 (Windows NT 10.0; Win64; x64) AppleWebKit/537.36 (KHTML, like Gecko) Chrome/140.0.0.0 Safari/537.36', '2025-09-30 10:29:41');
INSERT INTO `tbl_audit_trail` (`id_audit`, `id_user`, `username`, `action`, `description`, `ip_address`, `user_agent`, `created_at`) VALUES ('189', '35', 'ayu_qc', 'Upload Arsip', 'Arsip diupload: tes.pdf', '10.10.1.1', 'Mozilla/5.0 (Windows NT 10.0; Win64; x64) AppleWebKit/537.36 (KHTML, like Gecko) Chrome/140.0.0.0 Safari/537.36 Edg/140.0.0.0', '2025-09-30 11:35:20');
INSERT INTO `tbl_audit_trail` (`id_audit`, `id_user`, `username`, `action`, `description`, `ip_address`, `user_agent`, `created_at`) VALUES ('190', '18', 'administrator', 'Upload Arsip', 'Arsip diupload: screenshot_2025-09-12_133314_0d29e1.png', '10.10.1.3', 'Mozilla/5.0 (Windows NT 10.0; Win64; x64) AppleWebKit/537.36 (KHTML, like Gecko) Chrome/140.0.0.0 Safari/537.36', '2025-10-08 13:56:36');
INSERT INTO `tbl_audit_trail` (`id_audit`, `id_user`, `username`, `action`, `description`, `ip_address`, `user_agent`, `created_at`) VALUES ('191', '18', 'administrator', 'Upload Arsip', 'Arsip diupload: screenshot_2025-09-12_134256_a14764.png', '10.10.1.3', 'Mozilla/5.0 (Windows NT 10.0; Win64; x64) AppleWebKit/537.36 (KHTML, like Gecko) Chrome/140.0.0.0 Safari/537.36', '2025-10-08 13:56:36');
INSERT INTO `tbl_audit_trail` (`id_audit`, `id_user`, `username`, `action`, `description`, `ip_address`, `user_agent`, `created_at`) VALUES ('192', '18', 'administrator', 'Upload Arsip', 'Arsip diupload: screenshot_2025-09-12_140619_29b442.png', '10.10.1.3', 'Mozilla/5.0 (Windows NT 10.0; Win64; x64) AppleWebKit/537.36 (KHTML, like Gecko) Chrome/140.0.0.0 Safari/537.36', '2025-10-08 13:56:36');
INSERT INTO `tbl_audit_trail` (`id_audit`, `id_user`, `username`, `action`, `description`, `ip_address`, `user_agent`, `created_at`) VALUES ('193', '18', 'administrator', 'Hapus Arsip Multiple', 'Arsip dihapus: screenshot_2025-09-12_133314_0d29e1.png', '10.10.1.3', 'Mozilla/5.0 (Windows NT 10.0; Win64; x64) AppleWebKit/537.36 (KHTML, like Gecko) Chrome/140.0.0.0 Safari/537.36', '2025-10-08 13:59:39');
INSERT INTO `tbl_audit_trail` (`id_audit`, `id_user`, `username`, `action`, `description`, `ip_address`, `user_agent`, `created_at`) VALUES ('194', '18', 'administrator', 'Hapus Arsip Multiple', 'Arsip dihapus: tes.pdf', '10.10.1.3', 'Mozilla/5.0 (Windows NT 10.0; Win64; x64) AppleWebKit/537.36 (KHTML, like Gecko) Chrome/140.0.0.0 Safari/537.36', '2025-10-08 13:59:39');
INSERT INTO `tbl_audit_trail` (`id_audit`, `id_user`, `username`, `action`, `description`, `ip_address`, `user_agent`, `created_at`) VALUES ('195', '18', 'administrator', 'Hapus Arsip Multiple', 'Arsip dihapus: tes2.png', '10.10.1.3', 'Mozilla/5.0 (Windows NT 10.0; Win64; x64) AppleWebKit/537.36 (KHTML, like Gecko) Chrome/140.0.0.0 Safari/537.36', '2025-10-08 13:59:45');
INSERT INTO `tbl_audit_trail` (`id_audit`, `id_user`, `username`, `action`, `description`, `ip_address`, `user_agent`, `created_at`) VALUES ('196', '18', 'administrator', 'Hapus Arsip Multiple', 'Arsip dihapus: tes1.png', '10.10.1.3', 'Mozilla/5.0 (Windows NT 10.0; Win64; x64) AppleWebKit/537.36 (KHTML, like Gecko) Chrome/140.0.0.0 Safari/537.36', '2025-10-08 13:59:45');
INSERT INTO `tbl_audit_trail` (`id_audit`, `id_user`, `username`, `action`, `description`, `ip_address`, `user_agent`, `created_at`) VALUES ('197', '18', 'administrator', 'Update Arsip', 'Data arsip diperbarui tanpa file baru: ID 76', '10.10.1.3', 'Mozilla/5.0 (Windows NT 10.0; Win64; x64) AppleWebKit/537.36 (KHTML, like Gecko) Chrome/140.0.0.0 Safari/537.36', '2025-10-08 14:08:01');
INSERT INTO `tbl_audit_trail` (`id_audit`, `id_user`, `username`, `action`, `description`, `ip_address`, `user_agent`, `created_at`) VALUES ('198', '18', 'administrator', 'Hapus Arsip Multiple', 'Arsip dihapus: tes3.png', '10.10.1.3', 'Mozilla/5.0 (Windows NT 10.0; Win64; x64) AppleWebKit/537.36 (KHTML, like Gecko) Chrome/140.0.0.0 Safari/537.36', '2025-10-08 15:45:46');
INSERT INTO `tbl_audit_trail` (`id_audit`, `id_user`, `username`, `action`, `description`, `ip_address`, `user_agent`, `created_at`) VALUES ('199', '18', 'administrator', 'Upload Arsip', 'Arsip diupload: screenshot_2025-09-16_151416_6eb649.png', '10.10.1.3', 'Mozilla/5.0 (Windows NT 10.0; Win64; x64) AppleWebKit/537.36 (KHTML, like Gecko) Chrome/141.0.0.0 Safari/537.36', '2025-10-09 09:22:15');
INSERT INTO `tbl_audit_trail` (`id_audit`, `id_user`, `username`, `action`, `description`, `ip_address`, `user_agent`, `created_at`) VALUES ('200', '18', 'administrator', 'Upload Arsip', 'Arsip diupload: screenshot_2025-09-17_094151_9c86f1.png', '10.10.1.3', 'Mozilla/5.0 (Windows NT 10.0; Win64; x64) AppleWebKit/537.36 (KHTML, like Gecko) Chrome/141.0.0.0 Safari/537.36', '2025-10-09 09:22:15');



CREATE TABLE `tbl_dep` (
  `id_dep` int(11) NOT NULL AUTO_INCREMENT,
  `nama_dep` varchar(255) DEFAULT NULL,
  PRIMARY KEY (`id_dep`)
) ENGINE=InnoDB AUTO_INCREMENT=27 DEFAULT CHARSET=utf8mb4 COLLATE=utf8mb4_general_ci;

INSERT INTO `tbl_dep` (`id_dep`, `nama_dep`) VALUES ('9', 'QC');
INSERT INTO `tbl_dep` (`id_dep`, `nama_dep`) VALUES ('10', 'RND');
INSERT INTO `tbl_dep` (`id_dep`, `nama_dep`) VALUES ('11', 'REG');
INSERT INTO `tbl_dep` (`id_dep`, `nama_dep`) VALUES ('12', 'NBL');
INSERT INTO `tbl_dep` (`id_dep`, `nama_dep`) VALUES ('13', 'BETA');
INSERT INTO `tbl_dep` (`id_dep`, `nama_dep`) VALUES ('18', 'PKRT');
INSERT INTO `tbl_dep` (`id_dep`, `nama_dep`) VALUES ('20', 'QA');
INSERT INTO `tbl_dep` (`id_dep`, `nama_dep`) VALUES ('23', 'P3');
INSERT INTO `tbl_dep` (`id_dep`, `nama_dep`) VALUES ('25', 'KEU');
INSERT INTO `tbl_dep` (`id_dep`, `nama_dep`) VALUES ('26', 'SEFA');



CREATE TABLE `tbl_kategori` (
  `id_kategori` int(11) NOT NULL AUTO_INCREMENT,
  `id_dep` int(11) NOT NULL,
  `nama_kategori` varchar(50) DEFAULT NULL,
  PRIMARY KEY (`id_kategori`),
  UNIQUE KEY `nama_kategori` (`nama_kategori`)
) ENGINE=InnoDB AUTO_INCREMENT=41 DEFAULT CHARSET=utf8mb4 COLLATE=utf8mb4_general_ci;

INSERT INTO `tbl_kategori` (`id_kategori`, `id_dep`, `nama_kategori`) VALUES ('22', '0', 'TES');
INSERT INTO `tbl_kategori` (`id_kategori`, `id_dep`, `nama_kategori`) VALUES ('23', '0', 'TESA');
INSERT INTO `tbl_kategori` (`id_kategori`, `id_dep`, `nama_kategori`) VALUES ('27', '9', 'tes111');
INSERT INTO `tbl_kategori` (`id_kategori`, `id_dep`, `nama_kategori`) VALUES ('28', '9', '123123');
INSERT INTO `tbl_kategori` (`id_kategori`, `id_dep`, `nama_kategori`) VALUES ('29', '9', 'tttes');
INSERT INTO `tbl_kategori` (`id_kategori`, `id_dep`, `nama_kategori`) VALUES ('30', '9', 'tte');
INSERT INTO `tbl_kategori` (`id_kategori`, `id_dep`, `nama_kategori`) VALUES ('31', '9', '3333');
INSERT INTO `tbl_kategori` (`id_kategori`, `id_dep`, `nama_kategori`) VALUES ('32', '10', 'ts');
INSERT INTO `tbl_kategori` (`id_kategori`, `id_dep`, `nama_kategori`) VALUES ('33', '0', 'tes1');
INSERT INTO `tbl_kategori` (`id_kategori`, `id_dep`, `nama_kategori`) VALUES ('34', '0', 'tes2');
INSERT INTO `tbl_kategori` (`id_kategori`, `id_dep`, `nama_kategori`) VALUES ('35', '9', 'gheh');
INSERT INTO `tbl_kategori` (`id_kategori`, `id_dep`, `nama_kategori`) VALUES ('36', '10', 'ht6i7');
INSERT INTO `tbl_kategori` (`id_kategori`, `id_dep`, `nama_kategori`) VALUES ('37', '25', 'hendra');
INSERT INTO `tbl_kategori` (`id_kategori`, `id_dep`, `nama_kategori`) VALUES ('38', '10', 'tes3');
INSERT INTO `tbl_kategori` (`id_kategori`, `id_dep`, `nama_kategori`) VALUES ('39', '9', 'Penagihan');
INSERT INTO `tbl_kategori` (`id_kategori`, `id_dep`, `nama_kategori`) VALUES ('40', '20', 'tesqa');



CREATE TABLE `tbl_user` (
  `id_user` int(11) NOT NULL AUTO_INCREMENT,
  `nama_user` varchar(25) DEFAULT NULL,
  `password` varchar(255) DEFAULT NULL,
  `level` int(1) DEFAULT NULL,
  `id_dep` int(11) DEFAULT NULL,
  `username` varchar(25) DEFAULT NULL,
  PRIMARY KEY (`id_user`)
) ENGINE=InnoDB AUTO_INCREMENT=38 DEFAULT CHARSET=utf8mb4 COLLATE=utf8mb4_general_ci;

INSERT INTO `tbl_user` (`id_user`, `nama_user`, `password`, `level`, `id_dep`, `username`) VALUES ('12', 'hendra', '$2y$10$q/TuQZnA5xSIDLgrQCIPcOzlmgPXsz.IMVEIM8KW4H.I5PpwQXVky', '2', '23', 'hendra_p3');
INSERT INTO `tbl_user` (`id_user`, `nama_user`, `password`, `level`, `id_dep`, `username`) VALUES ('18', 'administrator', '$2y$10$joJ73kor1Rj8xQ3zlTujBerDvIAmDX2jkp93vDuGCVt7Irat2TpM.', '0', '0', 'administrator');
INSERT INTO `tbl_user` (`id_user`, `nama_user`, `password`, `level`, `id_dep`, `username`) VALUES ('28', 'hanin', '$2y$10$Ot1oWKIIMPtqxYWAtFPoBuGDznVoUK0GEwKO9nW3CfoLmhrOouXc2', '1', '10', 'hanin_rnd');
INSERT INTO `tbl_user` (`id_user`, `nama_user`, `password`, `level`, `id_dep`, `username`) VALUES ('29', 'test', '$2y$10$Kq427RLbbE6xqtI5mlM5lOpui/7/NPGLN3EdsqMRm836KBSzBcURO', '2', '9', 'test_qc');
INSERT INTO `tbl_user` (`id_user`, `nama_user`, `password`, `level`, `id_dep`, `username`) VALUES ('35', 'ayu', '$2y$10$lkCtnIeysbBJwW2c6AbxDOcBlQNHM.aIvkfEu8iZyp.KGkI9bE9LG', '1', '9', 'ayu_qc');

